,VOL_SEZNAM,ODEVZ_OBAL
500011_1,792,430
500011_2,430,229
500011_3,409,215
500054_1001,673,318
500054_1002,1081,442
500054_1003,628,297
500054_1004,820,383
500054_1005,677,305
500054_1006,1306,474
500054_1007,1172,456
500054_1008,1054,389
500054_1009,1001,380
500054_1010,576,208
500054_1011,1470,497
500054_1012,887,348
500054_1013,587,220
500054_1014,1378,491
500054_1015,1447,505
500054_1016,880,308
500054_1017,1007,321
500054_1018,1001,322
500054_1019,1194,419
500054_1020,1577,274
500054_1021,1237,501
500089_2032,214,75
500089_2033,934,299
500089_2034,773,278
500089_2035,792,264
500089_2036,608,161
500089_2037,644,194
500089_2038,533,143
500089_2039,654,236
500089_2040,683,267
500089_2041,420,118
500089_2042,532,197
500089_2043,677,267
500089_2044,727,287
500089_2045,724,309
500143_5001,509,207
500143_5002,349,146
500143_5003,394,130
500143_5004,349,90
500143_5005,427,157
500143_5006,433,165
500143_5007,433,118
500143_5008,2404,143
500143_5009,602,193
500143_5010,496,140
500143_5011,632,196
500143_5012,539,193
500143_5013,537,141
500143_5014,510,132
500143_5015,567,135
500143_5016,518,111
500143_5017,624,176
500143_5018,545,206
500143_5019,565,231
500143_5020,629,244
500143_5021,821,212
500143_5022,689,263
500143_5023,472,99
500143_5024,711,323
500143_5025,809,296
500143_5026,617,202
500143_5027,703,258
500143_5028,548,219
500143_5029,764,253
500143_5030,514,184
500143_5031,574,205
500143_5032,430,78
500143_5033,672,234
500143_5034,698,123
500143_5035,911,455
500143_5036,689,348
500143_5037,971,411
500143_5038,463,225
500143_5039,470,178
500143_5040,495,116
500143_5041,555,165
500143_5042,440,104
500143_5043,691,282
500143_5044,1037,377
500143_5045,800,285
500143_5046,979,335
500143_5047,622,277
500143_5048,766,253
500143_5049,654,186
500143_5050,773,193
500143_5051,725,304
500143_5052,688,325
500143_5053,924,407
500143_5054,883,386
500143_5055,790,240
500143_5056,422,127
500143_5057,547,122
500143_5058,793,320
500143_5059,734,325
500143_5060,721,343
500143_5061,988,414
500143_5062,1180,584
500143_5063,872,383
500143_5064,403,181
500143_5065,1044,513
500143_5066,1174,412
500143_5067,713,267
500143_5068,869,317
500143_5069,877,276
500143_5070,1007,354
500143_5071,936,304
500143_5072,997,367
500143_5073,928,314
500143_5074,1064,433
500143_5075,1022,320
500143_5076,980,355
500143_5077,1017,397
500143_5078,941,264
500143_5079,906,246
500143_5080,1080,372
500143_5081,972,333
500178_6001,632,187
500178_6002,728,291
500178_6003,760,338
500178_6004,878,390
500178_6005,796,343
500178_6006,625,283
500178_6007,544,259
500178_6008,875,407
500178_6009,799,346
500178_6010,551,245
500178_6011,834,396
500178_6012,681,246
500178_6014,2658,343
500178_6015,740,315
500178_6020,741,357
500178_6043,621,284
500178_6044,569,269
500178_6045,819,455
500178_6046,767,431
500178_6047,556,264
500178_6059,382,164
500178_6060,545,196
500178_6061,434,156
500178_6104,284,141
500186_7001,836,278
500186_7002,1023,322
500186_7003,1097,307
500186_7004,1491,544
500186_7005,1152,386
500186_7006,735,262
500186_7007,1055,325
500186_7008,673,211
500186_7009,996,357
500186_7010,794,268
500186_7011,968,405
500186_7012,888,241
500186_7013,948,393
500186_7014,778,274
500186_7015,800,304
500186_7016,885,348
500186_7017,719,313
500186_7018,749,317
500186_7019,790,342
500186_7020,733,321
500186_7021,914,404
500186_7022,654,229
500186_7023,688,258
500186_7024,792,296
500186_7025,637,280
500186_7026,707,278
500186_7027,898,396
500186_7028,752,356
500186_7029,705,329
500186_7030,980,412
500186_7031,845,368
500186_7032,755,342
500186_7033,695,282
500186_7034,1128,192
500186_7035,666,256
500186_7036,622,283
500216_9001,798,266
500216_9002,693,157
500216_9003,1772,524
500216_9004,866,253
500216_9005,936,277
500216_9006,723,360
500216_9007,858,248
500216_9008,1047,289
500216_9009,1814,254
500216_9010,705,169
500216_9011,758,218
500216_9012,724,204
500216_9013,528,147
500216_9014,772,237
500216_9015,800,296
500216_9016,1432,511
500216_9018,1166,419
500216_9019,499,149
500216_9020,658,216
500216_9021,884,268
500216_9022,992,361
500216_9023,1129,453
500216_9024,747,245
500216_9025,635,257
500216_9026,741,288
500216_9027,678,252
500216_9028,680,241
500216_9029,1042,286
500216_9030,888,272
500216_9031,882,354
500216_9032,1112,345
500216_9033,1625,632
500216_9034,899,268
500216_9035,737,250
500216_9036,871,272
500216_9037,763,309
500216_9038,750,192
500216_9039,861,245
500216_9040,1018,309
500216_9041,698,274
500526_1,1739,552
500623_1,143,40
500623_2,111,43
500623_3,117,54
500623_4,73,24
500623_5,223,88
500623_6,163,35
500623_7,95,30
500852_1,2087,883
500861_1,504,223
500861_2,56,35
500861_3,85,32
500861_4,157,65
500861_5,82,35
500861_6,117,56
500861_7,98,49
500861_8,69,39
500861_9,115,59
500879_1,610,210
501476_1,642,252
501476_2,812,289
501476_3,134,65
501751_1,750,233
501751_2,312,134
501751_3,227,90
501751_4,133,54
502235_1,1309,446
502405_1,495,196
502545_1,951,381
502545_2,953,434
502839_1,601,300
503444_1,1274,441
503444_10,389,147
503444_11,192,57
503444_12,293,121
503444_13,182,52
503444_14,161,79
503444_15,327,128
503444_16,155,61
503444_17,111,36
503444_2,707,302
503444_3,992,360
503444_4,1153,458
503444_5,1254,335
503444_6,415,159
503444_7,239,120
503444_8,208,65
503444_9,85,31
503622_1,427,200
503622_2,121,73
503622_3,62,34
503622_4,81,53
503657_1,840,284
503657_2,496,160
503657_3,726,157
503657_4,558,196
503916_1,438,177
504246_1,440,178
504246_2,196,80
504441_1,812,375
504441_2,280,156
504441_3,107,47
504505_1,865,348
504505_2,704,256
504505_3,95,44
504785_1,1006,451
505013_1,246,86
505013_2,795,393
505081_1,1110,416
505081_2,177,77
505081_3,210,76
505111_1,978,458
505111_2,298,120
505161_1,464,159
505161_2,950,390
505161_3,1037,340
505161_4,364,114
505188_1,1213,362
505188_10,117,25
505188_11,78,20
505188_12,152,41
505188_13,77,21
505188_2,1028,228
505188_3,913,317
505188_4,1041,346
505188_5,1352,378
505188_6,708,248
505188_7,1906,361
505188_8,1385,429
505188_9,1238,356
505218_1,1140,454
505218_2,253,129
505269_1,575,173
505269_2,176,69
505269_3,311,82
505293_1,1208,538
505293_2,163,91
505293_3,168,74
505501_1,1120,407
505587_1,575,237
505587_10,1092,374
505587_11,346,130
505587_12,174,78
505587_13,148,47
505587_14,103,33
505587_15,256,134
505587_16,168,40
505587_17,99,29
505587_18,110,46
505587_2,891,204
505587_3,1027,443
505587_4,889,326
505587_5,997,295
505587_6,799,289
505587_7,843,281
505587_8,452,201
505587_9,759,263
505862_1,368,157
506699_1,220,120
506711_1,1187,591
507016_1,1305,291
507016_10,808,151
507016_11,838,163
507016_12,763,226
507016_2,820,271
507016_3,1005,326
507016_4,1117,400
507016_5,1271,505
507016_6,992,279
507016_7,1091,364
507016_8,792,271
507016_9,765,273
507181_1,764,331
507423_1,1268,572
507423_2,260,143
507610_1,66,36
507628_1,164,66
507644_1,63,40
507652_1,60,34
507695_1,92,37
507733_1,116,76
507784_1,173,65
507971_1,1260,451
507971_2,1171,369
507971_3,1138,402
507971_4,382,151
508004_1,169,68
508128_1,1567,554
508152_1,502,189
509078_1,377,207
509108_1,247,127
509141_1,271,144
509388_1,73,57
509418_1,87,50
509621_1,260,112
509621_2,74,38
509621_3,81,49
510068_1,167,72
510432_1,1287,439
510882_1,1571,695
511382_1,1028,380
511382_10,833,321
511382_11,1034,352
511382_12,2261,255
511382_13,684,288
511382_14,717,174
511382_15,939,252
511382_16,933,374
511382_17,904,319
511382_18,987,308
511382_19,295,116
511382_2,861,330
511382_20,582,253
511382_21,449,176
511382_22,160,46
511382_23,182,82
511382_24,640,288
511382_25,462,182
511382_26,249,91
511382_27,672,176
511382_28,584,216
511382_29,682,231
511382_3,1087,433
511382_30,659,238
511382_31,652,250
511382_32,818,325
511382_33,801,285
511382_34,798,285
511382_35,795,261
511382_36,851,330
511382_37,593,181
511382_38,723,341
511382_39,789,336
511382_4,523,219
511382_40,726,291
511382_41,855,302
511382_42,687,217
511382_43,732,260
511382_44,630,252
511382_45,495,196
511382_46,649,279
511382_47,664,271
511382_48,663,151
511382_49,427,143
511382_5,580,217
511382_50,490,221
511382_51,611,257
511382_6,751,306
511382_7,915,316
511382_8,880,346
511382_9,1102,462
511412_1,86,51
512184_1,1409,602
512192_1,630,291
512231_1,1018,435
512231_2,218,61
512231_3,79,25
512231_4,125,52
512281_1,581,278
512401_1,157,120
512532_1,804,330
512826_1,294,149
512877_1,303,160
512991_1,149,45
513032_1,362,112
513041_1,520,279
513059_1,87,42
513067_1,445,220
513067_2,204,110
513105_1,180,75
513113_1,207,82
513130_1,199,87
513148_1,127,63
513164_1,273,96
513181_1,98,52
513199_1,454,206
513199_2,307,121
513199_3,229,90
513202_1,90,48
513211_1,442,195
513229_1,1200,495
513237_1,133,53
513261_1,195,90
513270_1,152,67
513288_1,113,53
513369_1,204,86
513393_1,361,124
513415_1,162,105
513423_1,283,138
513491_1,783,349
513491_2,561,253
513504_1,303,136
513512_1,241,144
513521_1,139,74
513539_1,154,66
513547_1,241,107
513555_1,163,101
513571_1,111,67
513580_1,213,101
513636_1,252,123
513717_1,274,142
513733_1,225,114
513750_1,878,257
513750_10,1097,138
513750_11,752,273
513750_12,683,218
513750_13,462,134
513750_14,1251,428
513750_15,117,46
513750_16,218,82
513750_17,102,31
513750_18,885,279
513750_19,1128,305
513750_2,893,274
513750_20,782,304
513750_3,923,256
513750_4,564,153
513750_5,664,206
513750_6,935,269
513750_7,968,370
513750_8,836,256
513750_9,1077,218
513768_1,1044,431
513768_2,165,91
513768_3,164,109
513873_1,394,226
513890_1,138,56
514047_1,215,124
514152_1,887,438
514161_1,86,24
514195_1,95,44
514276_1,320,103
514446_1,177,84
514471_1,460,183
514497_1,283,108
514527_1,44,25
514705_1,710,244
514705_10,403,124
514705_11,260,81
514705_2,539,167
514705_3,1025,219
514705_4,912,265
514705_5,949,389
514705_6,756,315
514705_7,952,296
514705_8,165,74
514705_9,80,21
514772_1,231,143
514802_1,199,55
515329_1,298,149
515418_1,335,130
515477_1,204,128
515787_1,161,87
515825_1,99,61
516201_1,658,293
516350_1,78,43
516619_1,973,496
516635_1,324,181
516686_1,406,175
516694_1,611,334
516864_1,184,96
516911_1,208,54
517101_1,635,142
517101_2,72,13
517101_3,100,36
517101_4,125,21
517101_5,78,26
517151_1,687,314
517208_1,120,69
517224_1,215,147
517275_1,122,78
517321_1,189,110
517437_1,130,61
517445_1,149,121
517534_1,916,414
517569_1,226,78
517585_1,322,161
517615_1,208,146
517666_1,393,191
517747_1,463,182
517836_1,130,75
517844_1,491,254
517887_1,487,157
517909_1,685,324
518026_1,283,168
519031_1,324,230
520047_1,360,207
520306_1,436,232
520420_1,720,315
521531_1,735,308
522775_1,180,101
523453_1,175,108
523640_1,461,271
525880_1,411,171
529532_1,249,127
529575_1,114,40
529583_1,111,19
529664_1,49,26
529672_1,131,74
529681_1,107,59
529699_1,60,41
529702_1,86,41
529702_2,374,132
529702_3,105,40
529711_1,67,28
529753_1,57,29
529761_1,84,55
529826_1,76,52
529834_1,111,59
529842_1,560,166
529842_2,126,38
529869_1,52,19
529893_1,67,32
529915_1,52,25
529923_1,95,50
529966_1,128,40
529982_1,151,70
530018_1,62,40
530034_1,254,99
530158_1,296,116
530166_1,601,185
530166_2,110,36
530301_1,430,143
530344_1,107,36
530344_2,113,51
530344_3,748,264
530387_1,141,91
530395_1,178,72
530417_1,94,74
530557_1,111,58
530565_1,70,22
530573_1,853,375
530573_10,51,24
530573_2,430,177
530573_3,201,79
530573_4,144,54
530573_5,112,36
530573_6,79,36
530573_7,214,57
530573_8,137,50
530573_9,102,46
530581_1,236,87
530590_1,434,226
530603_1,64,38
530611_1,221,84
530671_1,55,47
530701_1,252,102
530808_1,153,79
530891_1,438,154
530905_1,1060,337
530905_2,894,350
530905_3,1288,445
530905_4,133,46
530905_5,100,37
530905_6,105,48
530905_7,113,34
530948_1,769,377
531049_1,318,97
531499_1,226,77
531570_1,129,47
531651_1,65,40
531677_1,108,44
531707_1,149,56
531731_1,169,43
531774_1,116,86
531898_1,236,81
531936_1,115,34
531987_1,63,25
532053_1,1092,404
532053_10,978,396
532053_11,1307,515
532053_12,852,305
532053_13,861,260
532053_14,565,200
532053_15,1042,320
532053_16,810,268
532053_17,4938,432
532053_18,845,360
532053_19,803,303
532053_2,1007,407
532053_20,919,277
532053_21,910,296
532053_22,708,225
532053_23,730,241
532053_24,782,275
532053_25,702,259
532053_26,863,362
532053_27,629,186
532053_28,963,284
532053_29,949,308
532053_3,1042,364
532053_30,1044,256
532053_31,974,275
532053_32,910,270
532053_33,791,235
532053_34,835,323
532053_35,774,219
532053_36,744,187
532053_37,813,227
532053_38,932,217
532053_39,1331,390
532053_4,1103,312
532053_40,863,237
532053_41,931,177
532053_42,832,240
532053_43,847,229
532053_44,846,203
532053_45,947,239
532053_46,908,195
532053_47,866,187
532053_48,1064,226
532053_49,941,217
532053_5,875,212
532053_50,1015,214
532053_51,311,78
532053_52,774,194
532053_53,596,169
532053_54,852,288
532053_55,1080,387
532053_56,950,267
532053_57,1029,341
532053_6,798,232
532053_7,918,265
532053_8,848,236
532053_9,907,316
532070_1,127,100
532100_1,240,98
532118_1,1459,595
532126_1,840,411
532134_1,102,41
532142_1,637,250
532142_2,99,63
532169_1,1169,508
532169_2,1212,439
532185_1,571,249
532223_1,1204,436
532274_1,831,344
532282_1,287,156
532312_1,483,268
532347_1,861,341
532355_1,341,143
532355_2,82,40
532363_1,402,128
532371_1,1491,516
532410_1,308,95
532428_1,205,92
532444_1,1015,449
532452_1,1432,597
532487_1,461,150
532495_1,476,141
532525_1,488,218
532533_1,356,109
532550_1,238,57
532576_1,1037,314
532576_2,1279,368
532584_1,400,211
532622_1,324,149
532631_1,332,164
532657_1,202,76
532657_2,106,39
532665_1,329,103
532681_1,635,214
532711_1,109,51
532720_1,1277,380
532720_2,295,72
532738_1,418,218
532754_1,252,75
532771_1,308,52
532797_1,283,110
532827_1,410,154
532835_1,743,177
532835_2,729,146
532851_1,559,189
532860_1,842,391
532860_2,894,227
532860_3,1006,264
532860_4,662,197
532860_5,656,180
532860_6,219,81
532860_7,259,87
532908_1,572,335
532959_1,474,126
532975_1,403,104
532983_1,796,335
532983_2,586,362
532983_3,295,181
533017_1,1037,456
533017_2,1138,458
533017_3,987,492
533017_4,305,131
533025_1,1325,603
533033_1,750,245
533050_1,606,195
533050_2,625,226
533050_3,385,126
533092_1,426,213
533122_1,700,246
533149_1,649,328
533165_1,1036,348
533165_10,875,315
533165_11,840,310
533165_12,1710,246
533165_13,1006,319
533165_14,1194,480
533165_15,484,208
533165_16,1025,430
533165_17,1053,374
533165_18,617,301
533165_19,772,265
533165_2,1048,460
533165_20,776,285
533165_21,816,299
533165_22,758,271
533165_23,692,282
533165_24,693,269
533165_25,987,356
533165_26,820,284
533165_27,381,132
533165_28,517,210
533165_29,165,61
533165_3,980,397
533165_4,1104,414
533165_5,904,292
533165_6,703,188
533165_7,998,415
533165_8,1075,343
533165_9,612,235
533173_1,166,93
533181_1,459,116
533181_2,226,93
533181_3,77,35
533181_4,72,26
533190_1,208,58
533211_1,165,67
533211_2,89,51
533220_1,517,125
533238_1,464,214
533246_1,1177,514
533246_2,161,59
533262_1,754,277
533262_2,709,237
533271_1,962,237
533271_2,643,214
533271_3,864,388
533271_4,959,337
533271_5,614,187
533271_6,218,56
533271_7,62,37
533271_8,1115,332
533289_1,631,283
533297_1,178,71
533297_2,77,36
533297_3,85,41
533301_1,409,154
533327_1,410,124
533343_1,396,146
533351_1,230,96
533351_2,214,102
533351_3,113,39
533360_1,369,176
533386_1,457,120
533386_2,147,49
533386_3,158,48
533394_1,680,250
533408_1,214,56
533408_2,164,41
533408_3,127,53
533424_1,795,373
533424_2,730,275
533441_1,582,283
533441_2,74,25
533459_1,313,114
533467_1,378,132
533475_1,242,93
533483_1,221,76
533505_1,260,100
533513_1,172,53
533513_2,75,39
533521_1,255,136
533521_2,257,185
533530_1,975,398
533556_1,240,147
533572_1,617,312
533581_1,1389,482
533599_1,533,256
533611_1,564,128
533629_1,953,432
533637_1,303,163
533645_1,399,131
533653_1,381,175
533653_2,69,30
533661_1,397,150
533696_1,156,73
533700_1,793,281
533700_2,498,192
533726_1,499,192
533734_1,309,75
533734_2,78,24
533742_1,164,82
533742_2,100,59
533751_1,384,190
533769_1,785,362
533777_1,327,101
533785_1,483,209
533785_2,184,83
533807_1,795,237
533807_2,609,206
533807_3,144,43
533807_4,151,66
533815_1,202,62
533815_2,106,57
533823_1,196,84
533831_1,607,207
533831_2,946,403
533831_3,160,52
533840_1,1793,767
533858_1,835,274
533858_2,314,148
533866_1,345,99
533866_2,281,103
533866_3,153,49
533866_4,85,49
533882_1,408,178
533891_1,288,117
533921_1,551,182
533921_2,625,204
533921_3,130,46
533921_4,94,33
533921_5,81,29
533947_1,1105,330
534722_1,1046,262
534731_1,899,163
534765_1,872,227
534765_2,249,72
534790_1,861,211
534790_2,119,19
534838_1,272,81
534838_2,169,48
534854_1,98,52
534862_1,192,93
534871_1,229,93
534889_1,138,68
534901_1,234,69
534901_2,90,23
534927_1,840,332
534994_1,163,91
535001_1,708,312
535001_2,105,38
535010_1,269,140
535044_1,439,150
535044_2,306,94
535052_1,1186,331
535061_1,334,97
535168_1,402,92
535168_2,103,48
535184_1,253,155
535214_1,253,83
535214_2,104,37
535338_1,354,105
535338_2,318,84
535397_1,408,135
535885_1,332,159
536113_1,160,45
536342_1,76,36
536369_1,56,35
536393_1,413,132
536393_2,97,18
536415_1,28,19
536423_1,32,22
536466_1,142,56
536474_1,91,49
536482_1,56,32
536504_1,51,37
536512_1,150,37
536539_1,66,32
536547_1,91,35
536555_1,116,65
536563_1,190,78
536598_1,196,121
536601_1,140,77
536628_1,78,47
536644_1,116,60
536679_1,68,33
536687_1,414,183
536687_2,93,45
536695_1,85,48
536725_1,90,48
536741_1,122,63
536750_1,97,45
536776_1,129,70
536784_1,96,37
536792_1,75,43
536806_1,130,47
536814_1,243,98
536822_1,98,26
536831_1,67,42
536849_1,326,164
536865_1,198,114
536873_1,58,37
536881_1,241,125
536890_1,108,45
536903_1,44,26
536911_1,61,29
536920_1,176,93
536946_1,80,46
536954_1,60,44
536962_1,183,102
537047_1,267,106
537063_1,50,22
537071_1,166,62
537144_1,68,35
537152_1,618,199
537179_1,455,211
537233_1,411,177
537314_1,667,318
537357_1,999,468
537373_1,443,118
537373_2,217,65
537454_1,77,34
537454_2,114,46
537454_3,994,384
537454_4,823,300
537454_5,865,313
537454_6,1106,280
537454_7,1038,444
537454_8,1081,430
537454_9,1040,388
537497_1,247,109
537519_1,240,133
537527_1,36,28
537535_1,60,28
537543_1,108,31
537594_1,88,53
537608_1,180,132
537624_1,419,142
537641_1,682,251
537641_2,608,232
537641_3,659,277
537641_4,533,192
537641_5,828,249
537641_6,302,97
537659_1,361,142
537675_1,366,132
537675_2,77,34
537683_1,1282,478
537683_10,878,440
537683_11,618,288
537683_12,432,191
537683_13,518,234
537683_14,249,121
537683_15,953,411
537683_2,950,441
537683_3,454,255
537683_4,653,321
537683_5,930,315
537683_6,695,334
537683_7,672,364
537683_8,903,414
537683_9,916,394
537691_1,126,79
537705_1,1146,457
537713_1,1044,403
537721_1,922,443
537730_1,63,54
537748_1,457,181
537764_1,941,297
537764_2,897,315
537764_3,785,284
537781_1,746,306
537811_1,774,233
537829_1,70,63
537888_1,489,230
537896_1,649,214
537977_1,375,133
537993_1,316,122
538035_1,374,163
538060_23001,1090,525
538060_23002,423,270
538132_1,843,422
538132_10,601,238
538132_11,1232,306
538132_2,1039,475
538132_3,712,308
538132_4,756,366
538132_5,966,327
538132_6,769,247
538132_7,1252,466
538132_8,517,212
538132_9,287,118
538175_30001,876,448
538175_30002,878,429
538213_20001,888,396
538213_20002,754,274
538213_20003,1073,551
538213_20004,911,411
538213_20005,821,273
538213_20006,1300,417
538213_20007,812,331
538213_20008,986,460
538213_20009,869,352
538213_20010,992,395
538213_20011,1028,373
538213_20012,998,312
538302_32001,1010,549
538302_32002,1596,917
538353_33001,1031,653
538507_1,788,284
538736_47001,1630,944
538795_1,449,145
538817_1,157,80
538868_1,166,83
538906_1,230,82
538922_1,193,77
538949_21001,1012,468
538949_21002,1089,555
538949_21003,962,354
538949_21004,894,404
538949_21005,930,489
538949_21006,773,378
538949_21007,985,350
538949_21008,987,401
539007_55001,1424,690
539007_55002,1449,806
539023_1,332,126
539074_1,175,55
539104_1,214,95
539104_2,90,45
539104_3,45,17
539112_1,370,98
539155_1,587,239
539155_2,214,104
539163_1,868,308
539163_2,334,125
539228_1,1149,374
539236_1,1233,520
539236_2,1232,551
539252_1,976,455
539252_2,269,121
539252_3,269,131
539261_1,370,196
539279_1,938,280
539279_2,434,169
539279_3,482,156
539333_1,1233,412
539333_2,1067,350
539333_3,446,125
539333_4,275,111
539333_5,149,31
539333_6,248,95
539368_1,1055,274
539414_1,995,494
539414_2,750,346
539414_3,898,388
539457_1,492,221
539481_1,377,143
539546_1,494,180
539554_1,184,45
539619_1,100,46
539627_1,350,171
539627_2,1193,517
539627_3,875,447
539627_4,814,365
539627_5,931,472
539627_6,748,304
539627_7,884,364
539635_46001,964,484
539635_46002,843,404
539635_46003,872,440
539651_1,832,359
539660_1,651,265
539686_1,923,411
539694_13001,1052,345
539694_13002,1085,333
539694_13003,883,322
539694_13004,794,283
539694_13005,815,316
539694_13006,721,277
539694_13007,601,290
539694_13008,938,401
539694_13009,817,313
539694_13010,885,314
539694_13011,818,313
539694_13012,637,234
539694_13013,717,274
539694_13014,847,262
539694_13015,874,274
539694_13016,733,245
539694_13017,840,274
539694_13018,844,282
539694_13019,601,180
539694_13020,901,261
539694_13021,977,395
539694_13022,827,304
539694_13023,885,361
539694_13024,919,311
539694_13025,822,336
539694_13026,775,272
539694_13027,1030,441
539694_13028,1008,414
539694_13029,1041,422
539694_13030,593,217
539694_13031,535,214
539694_13032,976,360
539694_13033,811,300
539694_13034,845,300
539694_13035,658,220
539694_13036,835,278
539694_13037,625,192
539694_13038,803,243
539694_13039,581,238
539694_13040,847,402
539694_13041,1060,479
539694_13042,327,132
539694_13043,818,365
539694_13044,907,283
539694_13045,2043,163
539694_13046,762,304
539694_13047,1190,424
539694_13048,681,238
539694_13049,981,380
539694_13050,940,331
539694_13051,561,293
539732_1,939,343
539732_2,158,77
539732_3,384,160
539775_1,580,267
539805_1,487,257
539813_1,2010,760
539911_1,2316,412
539911_10,685,351
539911_11,1036,353
539911_12,1076,369
539911_13,35,24
539911_14,1173,562
539911_15,748,250
539911_16,781,287
539911_17,600,221
539911_18,640,249
539911_19,667,277
539911_2,825,329
539911_20,636,241
539911_21,722,233
539911_22,727,234
539911_23,608,214
539911_24,542,222
539911_25,725,283
539911_26,654,178
539911_27,540,164
539911_28,767,307
539911_29,857,312
539911_3,635,283
539911_30,784,265
539911_31,650,241
539911_32,859,370
539911_33,318,155
539911_34,392,205
539911_35,82,43
539911_36,107,38
539911_37,268,140
539911_38,226,106
539911_39,653,360
539911_4,955,511
539911_5,843,320
539911_6,927,370
539911_7,713,257
539911_8,748,299
539911_9,947,371
539953_1,565,245
539953_2,829,301
539970_1,290,143
539988_1,249,100
539996_1,24,5
540005_1,170,62
540013_1,557,192
540013_2,951,344
540013_3,728,208
540013_4,628,193
540021_1,269,168
540048_1,266,129
540072_1,321,144
540081_1,223,94
540099_1,340,185
540111_1,1324,566
540111_2,1004,475
540111_3,1179,508
540111_4,1197,443
540111_5,1003,429
540111_6,1271,394
540129_1,256,120
540129_2,159,78
540129_3,157,81
540129_4,88,46
540129_5,62,35
540145_1,455,282
540153_1,346,195
540161_1,280,128
540170_1,268,116
540188_1,207,79
540196_1,682,321
540196_2,759,340
540196_3,768,324
540196_4,118,37
540196_5,154,65
540218_1,642,314
540218_2,119,55
540218_3,117,73
540234_1,566,174
540234_2,159,50
540242_1,494,268
540285_1,332,141
540315_1,402,192
540315_2,56,26
540315_3,86,55
540315_4,102,65
540323_1,363,180
540358_1,208,119
540366_1,318,89
540374_1,230,99
540374_2,84,43
540391_1,426,192
540404_1,701,303
540404_2,923,437
540404_3,78,40
540404_4,29,13
540439_1,735,328
540447_1,380,169
540471_1,1144,496
540471_10,127,31
540471_11,113,40
540471_12,121,32
540471_13,144,50
540471_2,1050,328
540471_3,887,259
540471_4,1565,373
540471_5,962,406
540471_6,946,339
540471_7,308,76
540471_8,170,59
540471_9,203,71
540480_1,902,378
540480_2,169,49
540498_1,1059,409
540536_1,320,147
540552_1,870,360
540579_1,153,98
540587_1,93,58
540595_1,285,155
540609_1,240,113
540609_2,112,47
540609_3,74,36
540609_4,73,25
540625_1,492,225
540714_1,751,292
540731_1,179,75
540749_1,259,140
540757_1,736,281
540757_2,759,335
540757_3,172,85
540757_4,55,28
540757_5,48,18
540765_1,1131,375
540765_2,1022,412
540765_3,1177,425
540765_4,541,206
540765_5,170,109
540781_1,583,258
540790_1,423,238
540811_1,634,319
540820_1,372,241
540846_1,336,142
540846_2,81,39
540846_3,90,38
540854_1,402,191
540889_1,788,345
540897_1,198,79
540901_1,793,290
540901_2,779,315
540935_1,928,369
540935_2,104,72
540943_1,214,123
540951_1,512,261
540960_1,229,122
541010_1,174,105
541028_1,300,110
541044_1,814,342
541044_2,147,74
541044_3,127,49
541052_1,476,208
541087_1,439,194
541133_1,397,144
541206_1,656,235
541222_1,1010,407
541231_1,718,218
541231_10,100,58
541231_11,132,46
541231_2,562,255
541231_3,509,218
541231_4,660,264
541231_5,175,78
541231_6,264,132
541231_7,101,49
541231_8,189,88
541231_9,226,60
541257_1,309,167
541273_1,193,128
541281_1,904,332
541281_10,107,29
541281_11,126,62
541281_12,149,52
541281_13,61,19
541281_2,545,232
541281_3,729,269
541281_4,680,275
541281_5,153,55
541281_6,933,407
541281_7,565,242
541281_8,992,430
541281_9,168,63
541290_1,99,41
541290_2,74,34
541290_3,37,19
541311_1,202,132
541320_1,305,171
541338_1,1046,466
541354_1,1254,413
541354_10,874,274
541354_11,483,172
541354_12,748,260
541354_13,185,73
541354_14,52,24
541354_15,159,56
541354_2,1255,279
541354_3,701,239
541354_4,856,235
541354_5,829,298
541354_6,1088,307
541354_7,1120,311
541354_8,861,320
541354_9,1001,277
541362_1,208,132
541371_1,281,172
541389_1,333,195
541397_1,498,195
541401_1,92,48
541419_1,246,87
541427_1,452,218
541427_2,48,28
541435_1,93,48
541443_1,100,53
541451_1,188,109
541460_1,119,22
541478_1,692,252
541486_1,121,44
541494_1,197,71
541508_1,432,199
541508_2,123,81
541516_1,530,271
541524_1,199,105
541524_2,131,69
541532_1,164,70
541541_1,489,275
541559_1,157,60
541567_1,239,110
541583_1,265,187
541591_1,501,198
541591_2,83,42
541591_3,108,70
541605_1,207,91
541613_1,280,154
541621_1,381,131
541656_1,926,304
541656_10,526,179
541656_11,810,331
541656_12,667,287
541656_13,1044,300
541656_14,861,280
541656_15,989,340
541656_16,935,373
541656_17,198,76
541656_2,728,276
541656_3,890,417
541656_4,719,267
541656_5,666,274
541656_6,602,222
541656_7,1168,261
541656_8,461,171
541656_9,719,322
541664_1,311,82
541672_1,174,151
541681_1,139,51
541699_1,571,283
541699_2,78,22
541699_3,68,28
541702_1,315,116
541729_1,352,173
541737_1,369,201
541761_1,39,26
541761_2,28,14
541761_3,150,89
541770_1,472,211
541818_1,523,172
541834_1,567,219
541834_2,691,251
541877_1,793,333
541893_1,694,291
541907_1,413,146
541940_1,205,106
541966_1,357,141
541974_1,485,221
541982_1,562,265
541991_1,851,373
541991_2,753,283
542008_1,105,59
542016_1,541,275
542032_1,762,346
542041_1,1075,456
542041_2,450,202
542067_1,363,168
542075_1,236,93
542105_1,707,292
542113_1,345,163
542113_2,116,72
542121_1,587,216
542121_2,61,25
542130_1,320,128
542164_1,1227,573
542164_2,1098,308
542164_3,1108,390
542164_4,894,358
542181_1,131,65
542199_1,482,264
542202_1,325,176
542211_1,243,102
542229_1,232,120
542237_1,215,115
542253_1,158,104
542270_1,234,142
542288_1,106,57
542326_1,592,274
542334_1,728,372
542351_1,1066,540
542351_2,92,42
542369_1,202,115
542377_1,822,376
542377_2,98,52
542385_1,136,73
542415_1,336,182
542415_2,117,76
542415_3,43,18
542415_4,71,36
542415_5,31,22
542431_1,245,106
542458_1,259,94
542466_1,428,182
542474_1,399,209
542504_1,107,73
542512_1,383,127
542547_1,227,70
542555_1,118,52
542563_1,212,126
542571_1,844,373
542580_1,308,139
542598_1,257,139
542601_1,226,130
542610_1,239,121
542610_2,167,94
542628_1,1093,422
542636_1,98,33
542725_1,1123,547
542750_1,1774,716
543012_1,169,75
543098_1,668,324
543128_1,726,236
544248_1,560,263
544248_2,113,61
544248_3,42,23
544248_4,170,63
544264_1,569,202
544337_1,154,52
544337_2,174,48
544370_1,1439,574
544396_1,1214,336
544434_1,507,219
544647_1,236,84
544655_1,487,246
544671_1,442,246
544680_1,283,155
544701_1,194,82
544906_1,263,156
544914_1,487,189
544931_1,413,192
544990_1,1136,472
545112_1,233,99
545325_1,354,135
545538_1,168,60
545678_1,566,236
545708_1,243,101
545783_1,365,127
545791_1,147,64
545856_1,449,200
545881_1,484,184
545881_10,558,212
545881_11,736,285
545881_12,897,294
545881_13,776,311
545881_14,876,312
545881_15,1196,573
545881_16,779,349
545881_17,915,322
545881_18,583,260
545881_19,422,145
545881_2,1551,380
545881_20,749,276
545881_21,740,251
545881_22,615,195
545881_23,221,115
545881_24,194,98
545881_25,46,18
545881_26,185,65
545881_27,229,92
545881_28,169,80
545881_29,169,75
545881_3,792,304
545881_30,544,242
545881_4,1088,487
545881_5,474,173
545881_6,448,196
545881_7,490,211
545881_8,424,136
545881_9,474,164
545899_1,338,123
545902_1,228,95
545929_1,340,197
545970_1001,327,117
545970_1002,780,261
545970_1003,850,361
545970_1004,906,344
545970_1005,2822,326
545970_1006,1323,488
545970_1007,130,63
545970_1008,474,167
545970_1009,592,220
545970_1010,664,208
545970_1011,489,130
545970_1012,430,111
545970_1013,891,258
545970_1014,789,206
545970_1015,738,203
545970_1016,765,239
545970_1017,768,217
545970_1018,413,145
545970_1019,514,182
545970_1020,714,190
545970_1021,417,111
545970_1022,976,431
545970_1023,924,290
545970_1024,466,155
545970_1025,526,161
545970_1026,724,207
545970_1027,508,177
545970_1028,608,186
545970_1029,518,147
545970_1030,635,166
545970_1031,508,152
545970_1032,574,207
545970_1033,568,172
545970_1034,588,146
545970_1035,706,158
545970_1036,639,187
545970_1037,625,142
545970_1038,632,187
545970_1039,576,172
545970_1040,560,161
545970_1041,747,214
545970_1042,653,212
545970_1043,687,177
545970_1044,646,194
545970_1045,623,186
545970_1046,634,149
545970_1047,655,174
545970_1048,538,136
545970_1049,641,167
545970_1050,774,204
545970_1051,799,240
545970_1052,1097,241
545970_1053,1275,351
545970_1054,1067,222
545970_1055,1331,382
545970_1056,1198,433
546003_3001,661,173
546003_3002,310,63
546003_3003,492,136
546003_3004,2334,101
546003_3005,875,156
546003_3006,459,70
546003_3007,514,149
546003_3008,743,184
546003_3009,825,214
546003_3010,510,135
546003_3011,494,138
546003_3012,511,111
546003_3013,653,189
546003_3014,509,126
546003_3015,832,280
546003_3016,641,199
546003_3017,498,166
546003_3018,361,104
546003_3019,554,136
546003_3020,626,228
546003_3021,847,241
546003_3022,453,177
546003_3023,573,226
546003_3024,584,162
546003_3025,626,222
546003_3026,356,154
546003_3027,447,154
546003_3028,376,172
546003_3029,653,233
546003_3030,542,199
546003_3031,441,151
546003_3032,408,150
546003_3033,627,236
546003_3034,588,130
546003_3035,379,119
546003_3036,798,251
546003_3037,382,135
546003_3038,396,131
546003_3039,431,201
546003_3040,590,197
546003_3041,536,143
546003_3042,648,260
546003_3043,141,30
546003_3044,378,160
546003_3045,1036,318
546003_3046,705,251
546003_3047,600,213
546003_3048,785,205
546003_3049,410,123
546003_3050,468,131
546003_3051,728,244
546003_3052,405,124
546003_3053,992,299
546003_3054,377,127
546003_3055,714,222
546003_3056,758,260
546003_3057,786,243
546003_3058,702,194
546003_3059,484,154
546003_3060,824,270
546003_3061,569,183
546003_3062,622,235
546003_3063,730,286
546011_1,375,132
546011_2,333,130
546089_1,1046,280
546089_2,988,306
546089_3,471,112
546097_1,637,239
546097_2,139,78
546101_1,419,132
546101_2,159,56
546151_1,618,318
546178_1,70,15
546208_4001,751,224
546208_4002,615,205
546208_4003,690,210
546208_4004,739,254
546208_4005,818,271
546208_4006,644,153
546208_4007,914,267
546208_4008,745,250
546208_4009,697,230
546208_4010,836,312
546208_4011,889,317
546208_4012,845,265
546208_4013,734,262
546208_4014,934,361
546208_4015,748,290
546208_4016,597,200
546208_4017,684,260
546208_4018,573,183
546208_4019,842,309
546208_4020,1534,273
546208_4021,810,280
546208_4022,1131,538
546208_4023,685,301
546208_4024,410,159
546208_4025,1045,469
546224_15001,1072,481
546224_15002,3009,225
546224_15003,428,114
546224_15004,809,198
546224_15005,608,142
546224_15006,649,118
546224_15007,845,146
546224_15008,831,139
546224_15009,607,124
546224_15010,594,148
546224_15011,659,155
546224_15012,622,191
546224_15013,737,177
546224_15014,739,202
546224_15015,625,154
546224_15016,483,183
546224_15017,524,190
546224_15018,824,157
546224_15019,699,138
546224_15020,862,204
546224_15021,809,190
546224_15022,753,153
546224_15023,674,197
546224_15024,884,231
546224_15025,704,135
546224_15026,824,245
546224_15027,864,256
546224_15028,738,223
546224_15029,702,220
546224_15030,500,149
546224_15031,600,184
546224_15032,687,205
546224_15033,562,133
546224_15034,681,196
546224_15035,616,177
546224_15036,830,256
546224_15037,644,173
546224_15038,589,164
546224_15039,495,171
546224_15040,911,228
546224_15041,804,243
546224_15042,698,223
546224_15043,692,173
546224_15044,873,245
546224_15045,788,218
546224_15046,602,140
546224_15047,570,210
546224_15048,591,188
546224_15049,410,151
546224_15050,731,176
546224_15051,793,216
546224_15052,689,189
546224_15053,662,171
546224_15054,684,226
546224_15055,739,238
546224_15056,489,160
546224_15057,570,138
546224_15058,676,176
546224_15059,781,230
546224_15060,507,137
546224_15061,446,162
546224_15062,573,175
546224_15063,488,110
546224_15064,615,150
546224_15065,560,151
546224_15066,533,160
546224_15067,449,146
546224_15068,601,198
546224_15069,610,202
546224_15070,524,211
546224_15071,762,207
546224_15072,726,227
546224_15073,706,167
546224_15074,598,210
546224_15075,588,174
546224_15076,559,161
546224_15077,674,272
546224_15078,890,221
546224_15079,1114,282
546232_1,114,66
546259_1,187,79
546267_1,226,119
546275_1,110,52
546283_1,184,103
546291_1,135,75
546291_2,49,29
546305_1,66,41
546330_1,203,82
546348_1,206,102
546364_1,410,232
546364_2,77,33
546381_1,199,83
546402_1,329,112
546429_1,116,33
546453_1,183,76
546461_1,524,210
546461_2,905,406
546461_3,82,35
546461_4,139,90
546461_5,88,40
546470_1,122,57
546496_1,723,299
546500_1,652,343
546500_2,71,43
546500_3,57,20
546500_4,129,79
546542_1,1651,604
546542_2,72,36
546542_3,139,52
546593_1,668,164
546615_1,1007,469
546615_2,100,68
546615_3,87,40
546623_1,441,136
546658_1,125,65
546666_1,399,211
546666_2,135,77
546798_1,1141,360
546798_2,650,191
546798_3,675,238
546798_4,212,73
546801_1,979,353
546801_2,925,286
546844_1,360,181
546844_2,108,49
546844_3,81,23
546861_1,1101,496
546879_1,382,170
546887_1,214,110
546895_1,71,41
546941_1,1025,373
546941_2,902,334
546968_1,252,127
546968_2,155,74
546968_3,109,46
546976_1,115,61
546992_1,341,109
546992_2,67,34
547018_1,482,213
547069_1,454,149
547085_1,283,128
547085_2,161,81
547093_1,43,20
547123_1,146,62
547182_1,806,268
547182_2,740,267
547221_1,595,214
547221_2,117,61
547239_1,987,432
547239_2,188,55
547247_1,228,92
547247_2,91,44
547247_3,55,32
547263_1,638,366
547263_10,29,20
547263_2,402,168
547263_3,421,185
547263_4,111,47
547263_5,80,34
547263_6,93,33
547263_7,76,47
547263_8,59,28
547263_9,30,18
547271_49001,806,407
547271_49002,994,475
547271_49003,1003,517
547271_49004,959,427
547271_49005,879,444
547280_1,653,252
547280_2,776,327
547280_3,894,306
547280_4,56,20
547280_5,99,30
547280_6,235,92
547280_7,243,93
547328_52001,812,491
547344_19001,842,451
547344_19002,815,401
547344_19003,1074,580
547344_19004,1225,587
547344_19005,154,67
547344_19006,686,362
547361_14001,185,72
547361_14002,769,353
547361_14003,566,205
547361_14004,748,230
547361_14005,687,209
547361_14006,693,206
547361_14007,311,65
547361_14008,580,141
547361_14009,1035,253
547361_14010,888,270
547361_14011,763,251
547361_14012,2556,306
547361_14013,747,232
547361_14014,661,172
547361_14015,804,240
547361_14016,1574,344
547361_14017,1767,502
547361_14018,1606,402
547361_14019,1311,426
547361_14020,1200,387
547361_14021,1434,444
547361_14022,977,400
547361_14023,874,386
547361_14024,1132,422
547361_14025,699,305
547361_14026,1049,318
547361_14027,925,352
547361_14028,726,299
547361_14029,1500,278
547361_14030,1445,310
547361_14031,1262,334
547361_14032,908,341
547433_1,574,304
547441_1,243,104
547441_2,120,52
547441_3,135,62
547441_4,69,33
547450_1,228,100
547468_1,202,119
547492_1,1213,528
547492_10,1125,488
547492_11,1073,393
547492_12,1170,559
547492_13,62,44
547492_14,70,35
547492_15,156,52
547492_16,136,75
547492_17,142,54
547492_18,165,121
547492_19,104,44
547492_2,822,316
547492_20,89,53
547492_21,287,147
547492_22,86,41
547492_23,122,64
547492_24,33,23
547492_3,674,319
547492_4,894,499
547492_5,1193,643
547492_6,810,346
547492_7,887,379
547492_8,1040,427
547492_9,782,312
547514_1,130,50
547549_1,150,91
547581_1,519,308
547603_1,135,51
547638_1,248,115
547662_1,265,125
547689_1,96,67
547719_1,300,185
547719_2,106,51
547719_3,48,33
547735_1,410,212
547743_1,267,53
547760_1,1210,593
547760_2,126,58
547760_3,45,25
547778_1,799,442
547786_1,435,177
547883_1,85,46
547913_1,1132,452
547913_2,212,116
547913_3,76,32
547913_4,40,24
547930_1,246,128
547948_1,523,257
547956_1,171,112
547999_1,613,270
547999_10,192,48
547999_11,154,80
547999_12,178,55
547999_13,166,50
547999_14,291,109
547999_15,144,56
547999_2,1041,415
547999_3,1005,377
547999_4,920,318
547999_5,914,349
547999_6,1100,391
547999_7,1166,528
547999_8,525,171
547999_9,420,149
548006_1,79,27
548065_1,233,76
548073_1,52,41
548081_1,691,357
548090_1,287,118
548103_1,217,88
548111_1,1099,397
548111_2,796,368
548111_3,1030,419
548111_4,56,32
548111_5,205,67
548120_1,283,148
548146_1,127,78
548154_1,245,96
548162_1,137,79
548171_1,577,267
548201_1,194,83
548219_1,281,140
548227_1,128,52
548235_1,79,41
548332_1,845,452
548367_1,107,77
548383_1,158,96
548383_2,50,39
548391_1,199,111
548391_2,91,50
548391_3,47,30
548405_1,168,87
548456_1,589,268
548456_2,155,94
548456_3,63,49
548456_4,50,41
548456_5,47,24
548456_6,37,30
548464_1,598,310
548464_2,119,72
548464_3,52,26
548464_4,50,31
548472_1,667,280
548502_1,191,117
548511_1,892,262
548511_2,1130,462
548511_3,784,399
548511_4,760,296
548511_5,48,28
548511_6,78,22
548511_7,138,100
548511_8,126,42
548545_1,59,31
548561_1,1025,427
548561_2,1064,446
548600_1,194,112
548642_1,279,147
548651_1,98,52
548669_1,205,103
548677_1,62,38
548685_1,73,38
548693_1,134,61
548707_1,125,71
548715_1,111,45
548723_1,100,65
548731_1,107,49
548740_1,88,43
548740_2,55,39
548758_1,46,28
548766_1,125,71
548774_1,575,285
548782_1,83,34
548791_1,77,50
548804_1,346,104
548812_1,53,35
548821_1,166,85
548839_1,120,80
548847_1,89,49
548936_1,339,140
548987_1,60,30
549002_1,163,96
549011_1,227,146
549045_1,142,71
549053_1,198,118
549061_1,101,46
549126_1,89,52
549134_1,144,87
549142_1,450,210
549142_2,39,29
549142_3,60,33
549177_1,196,104
549215_1,934,427
549231_1,1099,447
549231_2,950,428
549231_3,117,40
549231_4,100,40
549231_5,80,26
549231_6,29,14
549240_1,1236,272
549240_10,1044,333
549240_11,706,236
549240_12,942,361
549240_13,1037,337
549240_14,669,202
549240_15,1083,402
549240_16,1002,272
549240_17,797,271
549240_18,713,286
549240_19,827,305
549240_2,658,239
549240_20,1298,344
549240_21,1097,291
549240_22,1067,272
549240_23,1065,335
549240_24,1074,418
549240_25,700,250
549240_26,1029,274
549240_27,397,138
549240_28,290,116
549240_29,89,34
549240_3,887,371
549240_4,684,217
549240_5,939,272
549240_6,777,198
549240_7,600,247
549240_8,478,153
549240_9,830,333
549321_1,108,54
549347_1,901,360
549363_1,360,120
549363_2,110,26
549363_3,88,35
549363_4,99,34
549380_1,179,73
549380_2,85,39
549380_3,101,53
549380_4,77,49
549398_1,200,72
549487_1,421,106
549487_2,144,59
549533_1,615,338
549550_1,220,73
549584_1,819,291
549584_2,71,34
549584_3,63,22
549606_1,189,95
549622_1,649,305
549673_1,550,215
549738_1,314,133
549771_1,1101,377
549771_10,37,16
549771_11,52,26
549771_2,888,294
549771_3,1178,340
549771_4,63,13
549771_5,145,46
549771_6,120,40
549771_7,66,20
549771_8,174,51
549771_9,199,58
549801_1,417,144
549827_1,331,136
549835_1,37,28
549851_1,225,107
549886_1,83,52
549916_1,263,160
549924_1,147,89
549941_1,40,23
549959_1,84,49
550019_1,156,102
550051_1,279,121
550078_1,97,70
550086_1,203,106
550108_1,278,140
550116_1,255,116
550124_1,263,129
550132_1,439,191
550141_1,245,103
550159_1,207,81
550167_1,1035,509
550167_2,110,56
550167_3,86,36
550167_4,30,15
550175_1,350,179
550183_1,294,75
550205_1,307,126
550213_1,601,306
550221_1,399,118
550230_1,1096,387
550248_1,262,107
550337_1,128,65
550345_1,266,127
550353_1,596,162
550485_1,137,56
550515_1,453,238
550515_2,353,155
550515_3,88,47
550515_4,74,31
550531_1,228,122
550540_1,728,277
550540_2,62,27
550540_3,83,44
550540_4,93,38
550558_1,468,209
550574_1,314,142
550582_1,134,42
550582_2,121,67
550604_1,95,41
550621_1,612,257
550621_2,86,47
550621_3,112,59
550621_4,101,45
550621_5,76,40
550621_6,103,30
550621_7,49,24
550647_1,1067,300
550647_2,527,192
550647_3,915,365
550647_4,752,263
550647_5,788,225
550647_6,1158,317
550647_7,953,254
550655_1,399,161
550663_1,1331,466
550698_1,199,107
550698_2,62,28
550728_1,975,453
550728_2,92,48
550728_3,72,33
550728_4,93,27
550728_5,162,66
550744_1,1073,440
550744_2,792,439
550744_3,944,383
550744_4,781,351
550744_5,831,402
550752_1,1514,697
550752_2,873,378
550752_3,990,546
550752_4,1080,580
550752_5,1072,466
550787_1,571,280
550787_10,610,226
550787_11,884,320
550787_12,670,297
550787_13,1264,324
550787_14,913,434
550787_15,669,274
550787_16,756,325
550787_17,28,19
550787_18,691,266
550787_19,605,218
550787_2,267,116
550787_20,795,293
550787_21,865,312
550787_22,913,332
550787_23,892,337
550787_24,296,97
550787_25,1002,443
550787_26,1088,509
550787_27,808,287
550787_3,349,187
550787_4,185,65
550787_5,665,266
550787_6,823,329
550787_7,802,308
550787_8,424,187
550787_9,757,273
550795_1,194,57
550809_1,1283,439
550817_1,793,320
550817_2,49,25
550825_1,802,404
550833_1,160,69
550841_1,50,21
550850_1,1087,327
550850_10,54,9
550850_11,17,13
550850_2,796,290
550850_3,1046,357
550850_4,1091,420
550850_5,1139,470
550850_6,87,33
550850_7,65,42
550850_8,55,25
550850_9,32,19
550906_1,330,164
550906_2,53,22
550922_1,592,213
550922_2,142,71
550949_1,163,61
550957_1,539,298
550957_2,111,66
550957_3,94,43
550965_1,379,154
550981_1,187,92
550981_2,45,16
550990_27001,693,242
550990_27002,611,243
550990_27003,710,324
550990_27004,588,253
550990_27005,598,244
550990_27006,759,317
550990_27007,698,338
550990_27008,691,340
550990_27009,692,363
550990_27010,553,265
550990_27011,552,261
550990_27012,557,293
550990_27013,547,274
550990_27014,633,313
550990_27015,585,287
550990_27016,702,326
550990_27017,669,263
550990_27018,671,336
550990_27019,687,274
550990_27020,682,342
550990_27021,748,295
550990_27022,602,266
550990_27023,686,311
550990_27024,840,266
550990_27025,631,273
551007_13001,1113,426
551007_13002,1171,376
551007_13003,1188,464
551007_13004,1176,402
551007_13005,1067,488
551007_13006,1000,292
551007_13007,1223,578
551007_13008,1096,496
551007_13009,1222,464
551007_13010,1101,496
551007_13011,1149,517
551007_13012,1068,412
551007_13013,1159,414
551007_13014,1065,335
551007_13015,953,272
551007_13016,942,408
551007_13017,1105,426
551007_13018,959,353
551015_1,297,63
551023_1,79,38
551023_2,52,22
551023_3,78,44
551031_20001,681,250
551031_20002,731,317
551031_20003,871,369
551031_20004,849,350
551031_20005,739,203
551031_20006,687,161
551031_20007,812,299
551031_20008,642,236
551031_20009,736,77
551031_20010,842,171
551031_20011,780,295
551031_20012,821,159
551031_20013,832,371
551031_20014,678,280
551031_20015,770,316
551031_20016,700,286
551031_20017,809,286
551031_20018,814,340
551031_20019,725,262
551031_20020,718,300
551031_20021,839,354
551031_20022,921,346
551031_20023,714,174
551031_20024,659,188
551031_20025,922,367
551031_20026,960,321
551031_20027,1030,422
551031_20028,1008,457
551031_20029,935,343
551031_20030,684,242
551031_20031,733,253
551031_20032,860,383
551031_20033,618,301
551031_20034,728,259
551031_20035,919,374
551031_20036,663,326
551031_20037,701,344
551031_20038,860,392
551031_20039,705,331
551031_20040,968,460
551031_20041,893,366
551031_20042,877,367
551031_20043,536,219
551031_20044,871,480
551031_20045,915,468
551040_1,132,67
551040_2,64,23
551040_3,43,18
551104_1,87,51
551104_2,60,28
551121_1,131,66
551139_1,273,88
551155_1,168,81
551155_2,35,20
551163_1,158,86
551171_9001,733,385
551171_9002,803,427
551171_9003,720,361
551171_9004,941,519
551180_1,100,49
551180_2,66,38
551180_3,67,28
551180_4,76,26
551201_1,1097,521
551228_12001,876,457
551228_12002,1041,536
551228_12003,969,453
551228_12004,1001,458
551228_12005,986,475
551228_12006,991,459
551236_16001,942,385
551236_16002,965,509
551236_16003,1071,486
551236_16004,1049,551
551244_19001,921,322
551244_19002,846,449
551244_19003,857,249
551244_19004,923,326
551244_19005,914,420
551244_19006,912,443
551244_19007,905,382
551244_19008,927,328
551244_19009,910,414
551244_19010,933,425
551244_19011,722,324
551244_19012,886,444
551244_19013,652,276
551244_19014,726,358
551261_1,194,113
551333_1,196,65
551333_2,109,52
551333_3,70,24
551341_1,232,140
551350_1,525,159
551350_2,67,25
551376_6001,657,441
551376_6002,611,375
551384_1,536,243
551392_1,219,104
551406_7001,864,462
551414_1,228,102
551422_18001,451,281
551431_25001,591,347
551473_1,217,99
551520_1,247,92
551546_1,60,41
551554_1,288,126
551562_1,421,202
551571_1,82,43
551589_1,126,82
551597_1,93,52
551619_1,267,123
551627_1,195,74
551627_2,58,18
551635_1,212,99
551643_1,275,113
551643_2,80,34
551660_1,855,356
551660_2,53,22
551660_3,60,41
551660_4,38,20
551678_1,365,173
551678_2,74,39
551678_3,54,31
551716_1,912,428
551716_2,113,58
551741_1,185,108
551759_1,218,94
551775_1,97,42
551775_2,49,36
551791_1,507,178
551791_2,89,45
551791_3,78,38
551791_4,43,16
551830_1,253,111
551856_1,562,208
551856_2,98,48
551856_3,38,11
551899_1,117,73
551899_2,120,63
551937_1,106,35
551953_1,135,33
551953_10,354,172
551953_11,490,141
551953_2,98,48
551953_3,246,104
551953_4,252,82
551953_5,731,313
551953_6,910,448
551953_7,666,207
551953_8,672,293
551953_9,818,373
551961_1,339,156
551961_2,96,50
551970_1,695,252
551970_2,800,362
551970_3,802,373
551970_4,82,39
551970_5,99,50
551988_1,255,90
552011_1,563,222
552038_1,177,49
552062_1,161,84
552071_1,175,86
552151_1,973,287
552160_1,725,340
552178_1,390,205
552186_1,1175,555
552194_1,161,72
552216_1,383,250
552232_1,544,230
552259_1,189,120
552267_1,276,143
552305_1,133,66
552313_1,259,129
552330_1,152,66
552348_1,554,210
552356_1,372,178
552364_1,318,120
552372_1,841,366
552372_2,194,68
552372_3,143,64
552372_4,86,61
552381_1,654,209
552399_1,186,105
552488_1,497,246
552500_1,228,105
552518_1,798,394
552526_1,218,116
552542_1,951,420
552551_1,1172,523
552569_1,1709,671
552577_1,754,407
552593_1,516,292
552691_1,617,315
552739_1,833,98
552739_2,982,278
552739_3,914,339
552739_4,965,250
552755_1,185,88
552771_1,285,149
552780_1,349,162
552810_1,130,57
552836_1,196,67
552844_1,400,199
552950_1,173,98
552968_1,132,80
552984_1,53,32
553221_1,510,172
553336_1,321,126
553476_1,521,208
553638_1,142,39
553760_1,357,132
553972_1,231,86
554065_1,540,188
554103_1,168,87
554243_17001,1042,509
554481_1,1666,209
554481_10,671,172
554481_11,574,168
554481_12,757,222
554481_13,878,248
554481_14,1318,368
554481_15,1481,451
554481_16,1083,346
554481_17,803,294
554481_18,604,176
554481_19,783,247
554481_2,811,235
554481_20,733,246
554481_21,810,211
554481_22,413,90
554481_23,209,59
554481_24,240,81
554481_25,806,242
554481_26,677,244
554481_27,852,373
554481_28,139,22
554481_29,510,178
554481_3,711,273
554481_30,1051,275
554481_31,161,53
554481_32,987,314
554481_4,859,127
554481_5,728,186
554481_6,612,236
554481_7,897,265
554481_8,746,248
554481_9,713,264
554499_1,747,227
554499_10,629,178
554499_11,1490,217
554499_12,447,134
554499_13,232,59
554499_14,171,52
554499_2,570,126
554499_3,1099,244
554499_4,727,152
554499_5,543,109
554499_6,836,188
554499_7,803,247
554499_8,678,249
554499_9,853,235
554502_1,981,336
554511_1,759,302
554529_1,292,135
554529_2,984,414
554529_3,966,390
554529_4,873,411
554529_5,870,313
554529_6,376,172
554545_1,1201,424
554553_1,825,225
554553_2,615,198
554553_3,294,77
554561_3001,1170,482
554561_3002,922,397
554570_6001,950,341
554596_1,221,122
554600_1,1209,373
554618_1,583,179
554626_1,585,235
554634_1,655,204
554634_2,1194,354
554651_1,256,70
554685_21001,1332,505
554685_21002,959,481
554685_21003,1360,580
554693_1,279,105
554707_1,423,186
554715_22001,1552,816
554723_13001,1152,681
554731_5001,1499,660
554740_1,1582,527
554758_6001,1477,750
554766_7001,808,380
554774_8001,1173,536
554812_1,1530,601
554855_1,306,152
554863_1,301,186
554880_1,725,259
554898_1,400,159
554910_1,688,205
555193_1,426,155
555231_1,952,392
556998_1,555,226
557048_1,391,186
557081_1,245,90
557145_1,341,219
557170_1,322,148
557978_10001,867,402
559199_9001,595,291
560171_1,31,19
560197_1,53,23
560201_1,87,44
560219_1,138,59
560243_1,95,41
560278_1,181,95
560391_1,23,17
560405_1,119,67
560715_1,843,324
560715_10,593,192
560715_11,886,238
560715_12,774,252
560715_13,195,64
560715_14,52,21
560715_2,761,275
560715_3,924,325
560715_4,789,243
560715_5,871,245
560715_6,1212,272
560715_7,541,172
560715_8,720,260
560715_9,744,255
560723_1,166,74
560740_1,750,274
560758_1,989,327
560758_2,1048,298
560758_3,1107,217
560782_1,228,66
560804_1,285,167
560812_1,901,382
560839_1,283,134
560855_1,285,110
560863_1,780,313
560898_1,230,72
560898_2,76,38
560901_1,1459,585
560910_1,490,240
560910_2,117,63
560928_1,1069,430
560928_2,64,27
560928_3,84,40
560952_1,626,262
560952_2,158,56
560979_1,156,98
560987_1,47,22
560995_1,50,21
561002_1,374,110
561011_1,335,122
561029_1,129,60
561037_1,68,32
561053_1,151,76
561061_1,122,66
561070_1,103,54
561088_1,204,84
561096_1,70,49
561100_1,178,99
561118_1,63,34
561126_1,45,34
561134_1,785,226
561134_2,1054,334
561134_3,918,312
561134_4,880,327
561134_5,771,250
561142_1,88,53
561151_1,510,179
561151_2,111,38
561151_3,101,48
561151_4,220,92
561169_1,463,150
561177_1,83,48
561185_1,934,258
561193_1,206,84
561207_1,893,264
561215_1,590,201
561215_2,1454,355
561215_3,1189,460
561215_4,1227,485
561215_5,831,270
561215_6,968,299
561223_1,370,203
561231_1,167,78
561240_1,59,46
561258_1,341,137
561266_1,54,32
561274_1,45,37
561282_1,72,43
561291_1,185,57
561304_1,311,122
561312_1,169,111
561321_1,84,44
561339_1,28,17
561347_1,47,32
561355_1,114,42
561363_1,101,57
561371_1,88,59
561380_1,2656,323
561380_10,635,140
561380_11,411,174
561380_12,786,286
561380_13,761,256
561380_14,679,229
561380_15,429,144
561380_16,707,255
561380_17,315,106
561380_18,436,154
561380_19,555,163
561380_2,588,202
561380_20,716,143
561380_21,922,157
561380_22,789,129
561380_23,535,117
561380_24,911,207
561380_25,249,51
561380_26,746,181
561380_27,755,170
561380_28,986,210
561380_29,668,122
561380_3,314,116
561380_30,411,74
561380_31,563,103
561380_32,648,122
561380_33,631,161
561380_34,783,177
561380_35,436,84
561380_36,509,217
561380_37,292,49
561380_38,451,106
561380_39,336,160
561380_4,976,349
561380_40,280,91
561380_41,981,275
561380_42,1148,274
561380_43,1119,225
561380_44,74,38
561380_5,797,393
561380_6,633,199
561380_7,953,291
561380_8,627,247
561380_9,560,213
561398_1,277,195
561401_1,88,48
561410_1,494,145
561428_1,169,74
561436_1,70,56
561444_1,640,189
561444_2,327,113
561444_3,131,38
561452_1,103,35
561461_1,33,25
561479_1,140,53
561479_2,312,95
561479_3,1242,393
561479_4,844,266
561479_5,1034,309
561487_1,56,32
561495_1,1363,465
561495_2,1072,435
561495_3,1058,500
561495_4,474,215
561495_5,156,46
561495_6,117,39
561533_1,1148,420
561533_2,147,47
561533_3,126,37
561541_1,515,190
561568_1,75,38
561576_1,77,44
561584_1,419,104
561592_1,562,287
561606_1,553,228
561614_1,200,68
561622_1,122,70
561631_1,1217,326
561631_2,1090,349
561631_3,192,50
561631_4,103,27
561631_5,106,44
561631_6,119,45
561631_7,121,23
561649_1,118,61
561657_1,84,36
561665_1,637,204
561681_1,339,97
561681_2,841,270
561681_3,878,253
561681_4,422,79
561681_5,745,221
561690_1,28,18
561703_1,221,120
561703_2,125,52
561703_3,54,33
561711_1,269,105
561711_2,88,35
561720_1,544,223
561720_2,110,32
561738_1,125,72
561746_1,473,197
561754_1,50,33
561762_1,70,42
561771_1,17,14
561789_1,167,82
561797_1,212,126
561801_1,89,47
561819_1,90,65
561827_1,198,93
561827_2,70,39
561835_1,1041,289
561835_2,897,234
561835_3,937,268
561835_4,1293,263
561835_5,941,274
561835_6,198,65
561843_1,44,30
561851_1,241,124
561860_1,486,151
561860_10,532,162
561860_11,565,221
561860_12,625,178
561860_13,629,204
561860_14,791,298
561860_15,744,265
561860_2,841,197
561860_3,728,191
561860_4,676,250
561860_5,663,166
561860_6,641,229
561860_7,759,278
561860_8,701,191
561860_9,485,156
561878_1,628,246
561886_1,242,100
561894_1,474,308
561908_1,59,26
561916_1,111,73
561924_1,89,37
561932_1,171,121
561941_1,73,34
561959_1,303,154
561967_1,449,216
561975_1,180,117
561983_1,599,209
561991_1,359,115
562009_1,456,288
562017_1,247,54
562017_2,528,141
562017_3,713,129
562025_1,1194,411
562033_1,89,52
562041_1,60,48
562050_1,584,280
562068_1,179,70
562076_1,586,276
562092_1,1017,250
562092_2,1404,308
562092_3,668,169
562106_1,563,195
562106_2,229,100
562114_1,266,135
562122_1,159,77
562131_1,536,218
562149_1,33,26
562173_1,152,72
562203_1,153,45
562220_1,534,157
562238_1,82,40
562246_1,582,219
562262_1,1027,367
562262_2,804,391
562262_3,396,102
562297_1,627,165
562297_2,693,234
562297_3,134,43
562297_4,147,56
562335_1,818,269
562335_10,1236,342
562335_11,597,162
562335_12,735,205
562335_13,766,223
562335_14,1267,362
562335_15,813,225
562335_16,688,184
562335_17,856,202
562335_18,2202,258
562335_19,542,243
562335_2,916,329
562335_20,265,21
562335_21,530,224
562335_22,796,309
562335_23,922,322
562335_24,867,237
562335_25,566,231
562335_26,901,237
562335_27,852,199
562335_28,862,262
562335_29,657,231
562335_3,634,243
562335_30,1084,279
562335_31,452,76
562335_32,972,274
562335_33,890,217
562335_34,672,200
562335_35,900,217
562335_36,997,360
562335_37,373,72
562335_38,487,169
562335_39,153,25
562335_4,923,304
562335_40,140,37
562335_41,223,50
562335_42,475,235
562335_43,89,42
562335_44,444,153
562335_45,361,111
562335_46,956,267
562335_47,816,193
562335_48,252,65
562335_49,632,171
562335_5,562,145
562335_50,950,247
562335_51,729,218
562335_52,1125,172
562335_53,942,126
562335_54,333,100
562335_55,189,41
562335_6,987,425
562335_7,886,139
562335_8,944,273
562335_9,1035,327
562343_1,318,121
562351_1,984,323
562351_2,1148,418
562351_3,963,283
562360_1,268,69
562378_1,182,88
562386_1,285,143
562394_1,996,250
562394_2,1148,365
562394_3,864,251
562394_4,865,328
562394_5,380,124
562408_1,537,177
562432_1,973,481
562441_1,1005,384
562441_2,298,70
562459_1,93,51
562467_1,233,112
562475_1,168,73
562483_1,114,56
562483_2,282,148
562491_1,67,39
562505_1,625,322
562513_1,200,61
562521_1,391,139
562521_2,126,53
562521_3,80,43
562530_1,1131,370
562548_1,86,30
562556_1,345,162
562564_1,1371,383
562564_2,969,345
562564_3,1408,393
562564_4,483,204
562572_1,480,280
562581_1,1220,369
562581_2,1262,449
562581_3,548,158
562599_1,181,72
562602_1,121,47
562611_1,932,352
562611_2,716,259
562611_3,711,328
562611_4,281,83
562611_5,154,79
562629_1,111,55
562645_1,423,190
562661_1,492,238
562696_1,43,36
562700_1,370,170
562718_1,691,283
562734_1,104,60
562742_1,75,41
562751_1,438,175
562751_2,991,359
562751_3,337,113
562769_1,102,59
562777_1,766,340
562777_2,1032,486
562777_3,1276,526
562777_4,925,397
562777_5,956,403
562777_6,978,452
562777_7,908,344
562777_8,1044,536
562777_9,881,462
562785_1,72,27
562793_1,550,249
562807_1,141,79
562823_1,796,339
562823_2,151,65
562858_1,1496,544
562858_2,1088,264
562858_3,1358,479
562858_4,407,175
562874_1,337,105
562882_1,1001,334
562882_10,1089,382
562882_11,1140,322
562882_12,1124,220
562882_13,236,66
562882_2,1023,327
562882_3,1171,385
562882_4,1166,499
562882_5,874,310
562882_6,499,180
562882_7,1109,396
562882_8,1044,321
562882_9,1090,190
562891_1,393,142
562912_1,1594,615
562921_1,896,227
562939_1,258,94
562947_1,778,363
563919_1,743,202
563943_1,93,57
563951_1,47,23
563978_1,76,53
564052_1,199,89
564095_1,1262,335
564095_2,1021,295
564095_3,1069,195
564095_4,764,196
564095_5,928,158
564095_6,235,69
564095_7,205,45
564095_8,367,59
564095_9,192,27
564109_1,769,201
564117_1,1263,332
564117_2,1336,284
564117_3,1013,249
564117_4,1026,268
564117_5,288,61
564150_1,47,26
564176_1,278,120
564184_1,442,119
564184_2,223,69
564214_1,80,26
564222_1,51,28
564249_1,174,69
564257_1,83,49
564273_1,84,49
564290_1,868,289
564320_1,102,47
564338_1,67,27
564346_1,150,117
564362_1,136,69
564389_1,143,82
564397_1,494,138
564397_2,150,59
564419_1,135,66
564427_1,753,280
564478_1,210,96
564486_1,880,377
564508_1,234,161
564524_1,153,46
564532_1,379,153
564532_2,83,31
564541_1,233,101
564559_1,160,83
564583_1,110,64
564605_1,124,68
564630_1,132,73
564630_2,74,39
564664_1,63,22
564681_1,204,108
564702_1,78,23
564800_1,280,106
564826_1,211,94
565041_1,109,63
565130_1,91,41
565181_1,161,61
565199_1,100,64
565202_1,61,40
565261_1,159,71
565270_1,98,74
565288_1,102,44
565326_1,34,26
565334_1,128,40
565351_1,95,54
565369_1,49,32
565377_1,66,41
565385_1,72,45
565407_1,48,25
565423_1,50,32
565440_1,82,45
565466_1,132,70
565504_1,89,49
565512_1,54,34
565971_1,606,176
565971_10,923,289
565971_11,714,254
565971_12,804,249
565971_13,769,284
565971_14,886,323
565971_15,994,282
565971_16,700,320
565971_17,626,165
565971_18,783,197
565971_19,863,260
565971_2,669,221
565971_20,96,21
565971_21,71,18
565971_3,792,288
565971_4,727,213
565971_5,796,257
565971_6,662,198
565971_7,727,170
565971_8,668,139
565971_9,1155,173
565997_1,332,177
566004_1,443,189
566012_1,199,81
566021_1,378,171
566021_2,127,47
566021_3,103,35
566021_4,66,35
566021_5,123,48
566063_1,273,78
566128_1,155,68
566152_1,396,113
566152_2,133,45
566187_1,374,195
566187_2,110,45
566195_1,273,121
566195_2,56,20
566217_1,321,152
566217_2,141,68
566217_3,54,27
566233_1,461,174
566241_1,448,175
566284_1,472,298
566284_2,46,28
566306_1,582,248
566314_1,810,320
566314_2,798,345
566314_3,153,64
566314_4,106,46
566314_5,93,29
566322_1,1165,489
566349_1,725,316
566357_1,289,142
566357_2,109,46
566357_3,118,47
566357_4,75,46
566381_1,287,162
566403_1,241,102
566403_2,125,56
566403_3,48,24
566411_1,126,63
566438_1,1079,528
566438_2,98,50
566454_1,474,180
566454_2,160,74
566454_3,192,92
566501_1,315,124
566519_1,343,126
566519_2,100,35
566527_1,296,121
566535_1,360,142
566551_1,708,295
566551_2,151,65
566551_3,186,85
566551_4,171,76
566551_5,149,52
566551_6,177,94
566551_7,275,133
566560_1,531,194
566578_1,195,81
566578_2,94,27
566586_1,114,68
566586_2,65,28
566586_3,62,30
566608_1,108,46
566616_1,836,342
566616_2,767,245
566616_3,1073,278
566616_4,667,224
566616_5,673,244
566616_6,327,116
566616_7,291,40
566616_8,189,38
566616_9,108,16
566624_1,676,244
566624_10,81,19
566624_11,90,20
566624_12,123,22
566624_2,1149,382
566624_3,1134,248
566624_4,40,5
566624_5,91,32
566624_6,68,19
566624_7,113,23
566624_8,119,33
566624_9,50,23
566659_1,201,82
566667_1,401,211
566667_2,37,21
566667_3,39,31
566713_1,417,110
566721_1,336,161
566829_1,241,69
566853_1,365,139
566853_2,77,35
566853_3,73,25
566870_1,262,90
566888_1,51,20
566896_1,326,125
566900_1,398,162
566918_1,201,101
566926_1,149,66
566934_1,768,285
566934_2,776,292
566951_1,305,102
566951_2,79,25
566977_1,112,63
566977_2,86,38
566977_3,72,35
566985_1,913,251
566985_10,817,180
566985_11,1292,187
566985_12,716,234
566985_13,701,181
566985_14,804,221
566985_15,737,212
566985_16,734,178
566985_17,718,164
566985_18,747,225
566985_2,938,341
566985_3,839,298
566985_4,949,283
566985_5,969,255
566985_6,751,132
566985_7,917,216
566985_8,1059,314
566985_9,902,241
567019_1,336,93
568210_1,959,314
568210_2,1152,381
568228_1,1079,450
568236_1,589,250
568244_1,1265,528
568562_1,257,121
568571_1,144,49
568589_1,477,191
568813_1,774,319
568830_1,1444,623
568864_1,702,236
568864_2,335,163
568911_1,221,109
568961_1,363,221
569003_1,493,275
569054_1,133,66
569119_1,437,257
569178_1,273,118
569194_1,139,73
569259_1,216,95
569267_1,182,75
569275_1,185,113
569283_1,116,61
569372_1,158,49
569381_1,328,132
569500_1,660,332
569542_1,369,237
569631_1,1427,651
569798_1,260,85
569810_1,620,210
569810_10,2283,297
569810_100,784,339
569810_11,552,194
569810_12,610,248
569810_13,763,224
569810_14,706,213
569810_15,765,283
569810_16,346,106
569810_17,770,316
569810_18,810,310
569810_19,724,278
569810_2,655,248
569810_20,609,214
569810_21,792,318
569810_22,711,314
569810_23,764,283
569810_24,808,281
569810_25,519,166
569810_26,582,234
569810_27,479,148
569810_28,600,205
569810_29,629,239
569810_3,575,194
569810_30,150,62
569810_31,316,119
569810_32,651,256
569810_33,694,276
569810_34,909,366
569810_35,601,227
569810_36,743,296
569810_37,892,355
569810_38,724,267
569810_39,713,257
569810_4,661,231
569810_40,765,332
569810_41,543,193
569810_42,670,258
569810_43,502,209
569810_44,776,221
569810_45,1073,414
569810_46,1014,348
569810_47,945,398
569810_48,1020,540
569810_49,827,334
569810_5,635,219
569810_50,744,316
569810_51,722,256
569810_52,794,264
569810_53,619,272
569810_54,879,323
569810_55,817,306
569810_56,730,302
569810_57,769,222
569810_58,499,188
569810_59,520,177
569810_6,619,251
569810_60,842,337
569810_61,645,300
569810_62,801,250
569810_63,909,319
569810_64,864,289
569810_65,779,275
569810_66,663,252
569810_67,575,242
569810_68,784,302
569810_69,900,397
569810_7,476,171
569810_70,1272,508
569810_71,796,290
569810_72,794,313
569810_73,718,211
569810_74,780,352
569810_75,903,443
569810_76,857,413
569810_77,733,270
569810_78,1011,327
569810_79,839,285
569810_8,676,242
569810_80,680,211
569810_81,880,331
569810_82,809,286
569810_83,748,313
569810_84,847,304
569810_85,808,260
569810_86,884,243
569810_87,907,319
569810_88,967,318
569810_89,1059,330
569810_9,647,229
569810_90,824,309
569810_91,563,229
569810_92,838,356
569810_93,770,310
569810_94,839,309
569810_95,679,309
569810_96,920,423
569810_97,792,372
569810_98,872,379
569810_99,636,259
569828_1,175,86
569836_1,233,87
569844_1,308,139
569887_1,318,152
569887_2,91,59
569887_3,60,23
569895_1,620,331
569933_1,131,71
569968_1,479,169
569976_1,356,186
569984_1,335,153
569984_2,145,66
569984_3,71,31
570001_1,617,151
570052_1,159,110
570061_1,229,147
570079_1,690,350
570087_1,328,147
570141_1,279,114
570150_1,176,100
570176_1,288,151
570184_1,290,94
570192_1,217,76
570192_2,95,29
570206_1,453,127
570214_1,271,157
570231_1,747,358
570249_1,660,216
570249_2,65,34
570281_1,123,42
570303_1,306,125
570362_1,424,143
570397_1,78,36
570397_2,133,70
570397_3,277,123
570401_1,190,94
570419_1,269,94
570427_1,162,63
570435_1,345,183
570443_1,296,130
570451_1,142,64
570451_2,1024,389
570451_3,60,30
570451_4,289,103
570451_5,224,68
570451_6,92,58
570478_1,561,209
570478_2,86,31
570478_3,128,47
570508_1,1081,251
570508_10,70,30
570508_2,754,258
570508_3,787,292
570508_4,1099,363
570508_5,935,384
570508_6,407,143
570508_7,286,79
570508_8,189,60
570508_9,120,32
570516_1,263,92
570532_1,379,62
570541_1,117,55
570567_1,217,110
570648_1,503,205
570656_1,484,210
570656_2,105,42
570656_3,258,121
570672_1,1409,544
570711_1,143,63
570729_1,113,57
570745_1,500,221
570834_1,787,269
570851_1,428,133
570869_1,723,231
570869_2,102,54
570869_3,156,31
570869_4,91,25
570869_5,233,84
570907_1,174,78
570931_1,1041,528
570931_2,287,116
570931_3,109,58
570958_1,250,85
570966_1,218,105
570966_2,78,32
571008_1,355,202
571016_1,101,47
571024_1,296,125
571059_1,151,51
571059_2,45,31
571083_1,158,57
571083_2,70,29
571083_3,57,32
571083_4,72,42
571091_1,569,304
571091_2,200,92
571091_3,168,55
571091_4,111,38
571091_5,144,60
571091_6,185,96
571113_1,571,195
571113_2,539,280
571130_1,162,58
571199_1,136,55
571261_1,417,192
571288_1,227,89
571326_1,98,37
571326_2,173,87
571334_1,82,54
571342_1,228,78
571351_1,584,304
571598_1,89,27
571636_1,272,110
571687_1,109,65
571717_1,184,75
572799_1,155,69
572845_1,118,36
572870_1,408,159
572888_1,125,47
572934_1,185,80
572942_1,78,46
572951_1,134,51
573132_1,331,104
573191_1,275,121
573515_1,231,84
573531_1,100,59
573621_1,170,102
573710_1,191,107
573744_1,150,65
573779_1,178,84
574155_1,379,126
574163_1,150,38
574252_1,353,109
574252_2,483,105
574252_3,234,56
574252_4,454,112
574252_5,218,37
574252_6,263,53
574252_7,93,24
574538_1,828,263
574538_2,351,85
574538_3,131,61
574538_4,72,17
574597_1,163,83
574783_1,204,116
574813_1,182,88
574848_1,689,236
574848_2,165,61
574848_3,223,81
574848_4,72,46
574856_1,840,267
574899_1,659,225
574899_2,712,263
574899_3,219,98
574911_1,772,248
574911_2,489,170
574911_3,208,52
574911_4,141,56
574929_1,688,166
574953_1,296,97
574988_1,653,244
574988_2,777,260
574988_3,631,227
574988_4,524,193
574988_5,999,329
574988_6,635,222
574988_7,640,220
574988_8,245,101
574988_9,184,64
574996_1,1474,541
574996_2,108,35
575011_1,799,214
575046_1,172,70
575062_1,249,73
575089_1,533,179
575119_1,182,84
575232_1,422,154
575305_1,389,150
575399_1,35,19
575399_2,1084,439
575399_3,87,47
575399_4,209,67
575399_5,124,48
575429_1,779,278
575429_2,762,208
575429_3,386,176
575445_1,648,236
575445_2,127,53
575461_1,196,114
575534_1,435,218
575542_1,134,65
575577_1,538,191
575577_2,132,47
575640_1,755,239
575640_2,694,227
575640_3,802,286
575640_4,84,26
575640_5,123,54
575640_6,56,28
575640_7,143,38
575640_8,213,87
575658_1,374,142
575682_1,954,331
575682_2,207,77
575704_1,987,351
575704_2,401,115
575721_1,514,161
575828_1,181,90
575861_1,136,54
575879_1,231,82
575887_1,210,79
575941_1,357,135
576000_1,322,159
576069_1,513,160
576069_10,810,329
576069_11,1022,351
576069_12,435,150
576069_13,240,101
576069_14,406,148
576069_2,647,377
576069_3,839,350
576069_4,811,349
576069_5,542,236
576069_6,825,222
576069_7,623,248
576069_8,791,363
576069_9,490,212
576077_1,851,370
576085_1,327,153
576093_1,164,104
576107_1,315,181
576107_2,201,107
576115_1,183,119
576123_1,450,226
576131_1,886,296
576131_2,794,263
576140_1,310,104
576166_1,204,140
576174_1,170,109
576182_1,1313,622
576191_1,815,301
576204_1,570,308
576212_1,1311,570
576212_2,105,59
576221_1,452,165
576247_1,476,271
576263_1,405,245
576263_2,97,51
576263_3,85,50
576263_4,75,50
576271_1,607,270
576271_10,252,156
576271_11,277,125
576271_12,298,142
576271_2,793,425
576271_3,585,316
576271_4,467,215
576271_5,804,443
576271_6,550,300
576271_7,818,358
576271_8,60,23
576271_9,81,48
576280_1,98,66
576301_1,758,257
576301_2,793,340
576310_1,178,127
576328_1,88,57
576336_1,797,375
576352_1,260,117
576361_1,957,466
576361_2,993,397
576361_3,713,258
576361_4,642,302
576361_5,485,232
576361_6,857,344
576361_7,327,138
576387_1,119,70
576395_1,199,134
576409_1,170,100
576425_1,1067,523
576433_1,315,135
576441_1,237,105
576450_1,227,89
576450_2,234,104
576450_3,89,46
576468_1,489,258
576476_1,412,135
576492_1,487,325
576506_1,225,106
576522_1,121,84
576549_1,149,77
576557_1,204,115
576565_1,399,258
576573_1,377,163
576581_1,363,176
576590_1,711,329
576590_2,670,318
576590_3,935,477
576590_4,239,110
576603_1,152,62
576611_1,227,107
576620_1,398,199
576654_1,281,137
576654_2,135,74
576662_1,532,282
576671_1,761,393
576689_1,493,257
576701_1,1723,595
576727_1,334,182
576735_1,77,40
576743_1,182,74
576751_1,318,180
576778_1,722,328
576778_2,155,103
576786_1,673,384
576794_1,112,74
576808_1,1529,690
576808_2,209,98
576816_1,299,150
576824_1,217,105
576824_2,216,117
576824_3,162,85
576832_1,203,113
576841_1,280,140
576859_1,1301,438
576859_2,1049,378
576859_3,1036,370
576859_4,953,412
576859_5,302,149
576859_6,132,44
576859_7,144,50
576859_8,174,76
576875_1,239,187
576883_1,703,260
576883_2,341,185
576883_3,634,270
576883_4,483,168
576883_5,740,237
576883_6,852,250
576891_1,238,135
576891_2,118,48
576891_3,35,13
576891_4,33,19
576891_5,68,31
576891_6,65,46
576921_1,547,237
576930_1,197,107
576948_1,156,45
576956_1,369,138
577979_1,116,51
578002_1,127,65
579025_1,97,42
579025_10,850,300
579025_11,718,264
579025_12,835,393
579025_13,796,357
579025_14,994,434
579025_15,606,283
579025_16,1819,322
579025_17,798,364
579025_18,777,357
579025_19,763,310
579025_2,1155,353
579025_20,501,266
579025_21,614,315
579025_22,805,362
579025_23,897,331
579025_24,830,364
579025_25,887,358
579025_26,784,218
579025_27,688,214
579025_28,221,92
579025_29,166,32
579025_3,1279,406
579025_30,197,46
579025_31,349,147
579025_32,493,225
579025_33,211,81
579025_34,122,40
579025_35,280,90
579025_36,66,22
579025_4,831,275
579025_5,1320,410
579025_6,930,262
579025_7,1141,419
579025_8,543,212
579025_9,830,314
579041_1,615,292
579050_1,714,346
579068_1,932,373
579068_2,150,86
579076_1,128,59
579092_1,313,110
579106_1,317,123
579114_1,295,167
579114_2,268,110
579122_1,796,392
579149_1,200,66
579157_1,447,205
579157_2,95,58
579165_1,592,188
579173_1,303,126
579181_1,312,145
579190_1,562,218
579203_1,1105,374
579203_10,1019,468
579203_11,982,439
579203_12,1144,535
579203_13,435,164
579203_14,335,157
579203_15,223,74
579203_16,336,116
579203_17,646,270
579203_2,476,192
579203_3,816,318
579203_4,868,359
579203_5,1174,417
579203_6,1016,430
579203_7,1011,319
579203_8,683,266
579203_9,882,350
579211_1,632,211
579211_2,113,31
579220_1,781,449
579238_1,366,122
579254_1,285,148
579262_1,847,348
579271_1,177,56
579271_2,83,35
579297_1,945,411
579297_2,1090,371
579297_3,938,393
579297_4,741,273
579301_1,180,82
579319_1,839,339
579327_1,465,113
579335_1,364,111
579335_2,143,45
579351_1,642,265
579378_1,434,195
579386_1,173,97
579394_1,427,135
579408_1,207,122
579416_1,215,109
579424_1,468,206
579432_1,368,136
579432_2,1023,370
579441_1,167,85
579459_1,258,147
579467_1,83,33
579475_1,300,140
579483_1,154,77
579491_1,138,69
579505_1,122,61
579513_1,1258,569
579530_1,150,82
579548_1,1805,641
579556_1,825,347
579556_2,160,65
579556_3,65,25
579564_1,553,324
579581_1,307,152
579581_2,206,97
579599_1,964,367
579602_1,455,206
579629_1,795,256
579637_1,857,373
579637_2,809,290
579637_3,826,389
579645_1,254,103
579645_2,658,266
579645_3,282,96
579645_4,483,174
579661_1,439,206
579696_1,155,59
579726_1,295,148
579734_1,931,390
579734_2,757,301
579742_1,907,452
579751_1,64,38
579769_1,356,170
579777_1,783,332
579777_2,609,242
579777_3,930,283
579777_4,936,356
579777_5,1077,384
579777_6,288,83
579785_1,794,307
579785_2,254,109
579793_1,190,77
579815_1,460,149
579815_2,432,157
579815_3,204,69
579823_1,397,177
579831_1,324,143
579858_1,789,253
579858_10,1472,579
579858_2,1015,451
579858_3,1242,277
579858_4,730,282
579858_5,664,250
579858_6,849,289
579858_7,695,275
579858_8,948,413
579858_9,1725,637
579866_1,153,56
579874_1,1162,383
579874_2,929,390
579874_3,472,153
579874_4,183,80
580091_1,380,165
580350_1,870,312
580350_2,924,335
580350_3,813,234
580350_4,999,341
580350_5,1178,450
580350_6,1922,589
580350_7,140,46
580350_8,178,57
580350_9,89,23
580465_1,273,113
580783_1,69,25
580929_1,346,125
580970_1,481,177
581089_1,277,55
581429_1,721,298
582794_1,878,314
582824_1,1331,537
582824_2,1302,517
582841_1,938,499
582859_1,956,361
582859_2,813,303
583031_1,824,284
583057_1,514,222
583189_1,726,340
583197_1,655,266
583219_1,818,318
583227_1,505,224
583383_1,1486,322
583405_1,833,308
583405_2,863,343
583405_3,510,272
583448_1,952,445
583499_1,279,107
583537_1,1050,428
583553_1,861,259
583634_1,1074,552
583651_1,256,165
583677_1,1763,777
583685_1,744,364
583758_1,1099,511
583758_2,1596,548
583766_1,1052,286
583774_1,701,305
583821_1,601,242
583863_1,831,445
583898_1,1787,622
583952_1,1366,519
583952_2,986,399
583952_3,1075,434
583952_4,1014,495
583952_5,1052,471
583952_6,278,115
583979_1,1208,537
583995_1,973,362
584037_1,1017,510
584045_1,1245,647
584045_2,1320,628
584096_1,536,291
584126_1,990,477
584142_1,898,272
584240_1,627,291
584282_1,1520,621
584282_2,1303,502
585068_1,3553,404
585068_10,816,353
585068_11,785,370
585068_12,969,340
585068_13,809,306
585068_14,824,365
585068_15,695,278
585068_16,890,362
585068_17,843,287
585068_18,1006,278
585068_19,1036,351
585068_2,777,301
585068_20,946,280
585068_21,566,249
585068_22,672,233
585068_23,940,428
585068_24,795,335
585068_25,913,301
585068_26,964,379
585068_27,730,273
585068_28,614,306
585068_29,507,222
585068_3,813,348
585068_30,856,300
585068_31,750,289
585068_32,857,398
585068_33,718,244
585068_34,946,347
585068_35,941,330
585068_36,870,319
585068_37,858,283
585068_38,823,242
585068_39,680,198
585068_4,753,307
585068_40,1048,316
585068_41,930,315
585068_42,790,339
585068_43,484,187
585068_44,1129,331
585068_45,1092,333
585068_46,955,328
585068_47,965,383
585068_48,691,266
585068_49,751,313
585068_5,815,329
585068_50,738,304
585068_51,653,253
585068_52,584,239
585068_53,842,295
585068_54,1039,422
585068_55,1208,516
585068_56,914,360
585068_57,729,288
585068_58,706,273
585068_59,693,254
585068_6,599,268
585068_60,645,238
585068_61,291,93
585068_62,1018,421
585068_63,962,398
585068_64,1287,528
585068_65,941,386
585068_66,799,320
585068_67,491,219
585068_68,255,125
585068_69,522,212
585068_7,868,326
585068_70,1169,466
585068_71,637,245
585068_72,1212,498
585068_73,737,329
585068_74,181,74
585068_8,825,347
585068_9,727,283
585106_1,644,402
585131_1,385,271
585157_1,165,109
585190_1,343,185
585203_1,299,125
585211_1,1228,519
585211_2,333,133
585211_3,1103,432
585211_4,266,120
585211_5,117,46
585254_1,389,184
585262_1,368,232
585289_1,971,466
585301_1,783,420
585343_1,724,414
585467_1,1450,740
585483_1,352,138
585491_1,496,166
585505_1,496,264
585521_1,558,284
585530_1,1075,445
585548_1,549,256
585556_1,374,246
585611_1,273,190
585670_1,636,262
585726_1,573,318
585777_1,1047,511
585777_2,1325,605
585866_1,950,462
585874_1,225,127
585882_1,1001,503
585891_1,1098,414
585891_2,843,449
585891_3,876,435
585891_4,830,313
585891_5,192,91
585891_6,63,40
585891_7,219,116
585921_1,638,315
585939_1,1462,592
585939_2,1286,535
585939_3,937,427
585939_4,137,84
585963_1,319,145
585971_1,921,593
585980_1,668,288
585998_1,1010,530
585998_2,156,92
586048_1,754,352
586048_2,990,474
586056_1,370,204
586188_1,1023,408
586196_1,521,247
586218_1,591,227
586285_1,402,235
586293_1,344,187
586323_1,1248,580
586331_1,821,409
586366_1,149,101
586404_1,830,321
586404_2,698,310
586404_3,211,67
586455_1,568,189
586617_1,426,100
586650_1,449,194
586714_1,1219,458
586714_2,1231,526
586722_1,770,238
586722_10,897,278
586722_2,1325,390
586722_3,993,383
586722_4,1010,290
586722_5,989,344
586722_6,1063,415
586722_7,682,300
586722_8,918,325
586722_9,938,212
586838_1,168,69
586960_1,143,71
586994_1,192,107
587516_1,146,73
587729_1,1085,482
587737_1,76,39
587753_1,82,48
587770_1,70,43
587842_1,263,171
587869_1,97,58
587893_1,102,45
587974_1,257,169
588016_1,93,49
588059_1,93,45
588237_1,162,82
588334_1,126,64
591831_1,526,208
592005_1,973,462
592005_10,778,297
592005_11,781,320
592005_12,836,364
592005_13,793,356
592005_14,820,331
592005_15,842,372
592005_16,1077,363
592005_17,755,280
592005_18,1107,403
592005_19,798,414
592005_2,761,368
592005_20,577,276
592005_21,1302,691
592005_22,874,429
592005_23,718,346
592005_24,897,477
592005_25,477,222
592005_3,679,259
592005_4,798,342
592005_5,659,279
592005_6,667,302
592005_7,1576,413
592005_8,870,368
592005_9,781,302
592056_1,684,425
592064_1,900,402
592064_2,932,514
592072_1,668,408
592099_1,836,263
592102_1,1124,604
592102_2,946,524
592145_1,1167,566
592145_2,1347,662
592170_1,1192,570
592170_2,1329,653
592170_3,1042,438
592188_1,680,329
592196_1,31,28
592218_1,827,506
592226_1,1453,854
592269_1,894,544
592285_1,794,360
592293_1,768,483
592366_1,383,225
592382_1,820,455
592382_2,109,57
592391_1,564,349
592412_1,1277,768
592439_1,935,411
592439_2,934,416
592439_3,860,365
592447_1,595,407
592455_1,611,387
592455_2,642,382
592463_1,1031,549
592463_2,1205,629
592463_3,585,345
592471_1,711,405
592501_1,686,341
592510_1,766,432
592510_2,867,466
592528_1,872,457
592561_1,329,191
592579_1,564,317
592587_1,109,73
592617_1,1102,419
592617_2,870,356
592617_3,1015,413
592625_1,350,193
592633_1,128,72
592641_1,913,411
592714_1,201,124
592722_1,923,406
592749_1,1029,437
592749_2,930,447
592749_3,482,227
592749_4,1233,551
592757_1,189,80
592781_1,365,204
592790_1,892,552
592803_1,471,249
592820_1,1226,630
592820_2,1266,675
592862_1,1370,651
592889_1,1148,188
592889_10,699,225
592889_11,779,311
592889_12,1041,447
592889_13,594,214
592889_14,734,315
592889_15,691,216
592889_16,751,306
592889_17,579,226
592889_18,780,347
592889_19,550,181
592889_2,613,238
592889_20,469,184
592889_21,844,276
592889_22,1047,308
592889_23,295,90
592889_24,449,230
592889_25,321,95
592889_26,305,137
592889_3,654,217
592889_4,541,215
592889_5,857,319
592889_6,808,275
592889_7,686,250
592889_8,674,251
592889_9,580,235
592897_1,211,123
592901_1,415,189
592901_2,161,86
592901_3,115,44
592919_1,952,364
592935_1,2,0
592943_1,1096,435
592943_2,1014,431
592943_3,735,358
592943_4,856,341
592943_5,272,116
592943_6,604,233
592943_7,436,139
592943_8,278,95
592994_1,702,470
593001_1,941,495
593001_2,1014,492
593010_1,453,133
593028_1,680,273
593036_1,398,187
593044_1,771,350
593052_1,701,329
593061_1,478,236
593079_1,630,287
593087_1,494,185
593125_1,314,156
593141_1,547,234
593150_1,297,145
593168_1,576,247
593192_1,336,189
593214_1,894,442
593214_2,664,347
593222_1,630,275
593231_1,122,70
593249_1,393,210
593257_1,1160,528
593265_1,511,281
593273_1,683,346
593281_1,234,134
593320_1,545,180
593346_1,470,217
593371_1,629,314
593397_1,529,270
593435_1,570,250
593443_1,90,54
593460_1,257,168
593478_1,1210,436
593486_1,163,98
593494_1,454,235
593494_2,55,29
593508_1,596,316
593508_2,773,352
593516_1,567,261
593516_2,375,193
593524_1,343,200
593532_1,529,262
593559_1,326,141
593559_2,497,213
593559_3,226,114
593559_4,858,389
593559_5,571,267
593559_6,653,197
593559_7,436,216
593559_8,531,223
593559_9,260,94
593567_1,489,235
593583_1,881,472
593583_2,1133,382
593583_3,1093,522
593583_4,1022,405
593583_5,1124,481
593605_1,415,188
593613_1,818,330
593630_1,254,152
593648_1,441,222
593656_1,357,158
593664_1,574,304
593681_1,979,415
593699_1,461,166
593702_1,215,85
593711_1,861,307
593711_10,1001,401
593711_11,1315,509
593711_12,1182,387
593711_13,933,234
593711_14,133,51
593711_15,360,124
593711_16,954,362
593711_17,585,176
593711_18,1435,178
593711_19,690,202
593711_2,560,207
593711_20,773,267
593711_21,881,335
593711_22,765,293
593711_23,836,359
593711_24,825,279
593711_25,797,297
593711_26,804,294
593711_27,295,132
593711_28,908,313
593711_29,794,245
593711_3,724,297
593711_30,1011,333
593711_31,776,268
593711_32,801,221
593711_33,624,210
593711_34,976,306
593711_35,240,66
593711_36,96,31
593711_37,295,89
593711_38,134,63
593711_4,645,263
593711_5,685,258
593711_6,638,279
593711_7,542,162
593711_8,1004,408
593711_9,775,275
593729_1,213,94
593737_1,158,92
593737_2,67,40
593737_3,99,49
593745_1,160,93
593753_1,126,72
593761_1,68,45
593770_1,1006,484
593788_1,520,223
593796_1,152,55
593800_1,320,151
593818_1,119,64
593826_1,1186,505
593834_1,462,162
593842_1,758,205
593851_1,444,212
593869_1,271,127
593877_1,185,65
593885_1,80,45
593893_1,126,55
593907_1,272,75
593923_1,223,117
593931_1,326,187
593958_1,127,91
593966_1,398,192
593974_1,673,252
593982_1,417,188
593991_1,353,118
594008_1,119,62
594016_1,173,97
594024_1,275,106
594032_1,1117,368
594041_1,639,323
594059_1,265,126
594067_1,1415,641
594075_1,179,53
594075_2,46,20
594083_1,251,142
594091_1,519,265
594105_1,231,133
594113_1,1211,534
594121_1,370,163
594130_1,694,223
594148_1,745,262
594156_1,1358,431
594156_2,1309,481
594164_1,96,48
594172_1,417,236
594181_1,373,178
594199_1,1007,294
594202_1,940,394
594211_1,627,297
594229_1,365,160
594237_1,119,76
594253_1,146,74
594261_1,424,230
594270_1,409,174
594288_1,102,58
594296_1,123,68
594300_1,768,374
594318_1,124,64
594326_1,182,93
594334_1,380,191
594342_1,216,147
594351_1,161,103
594369_1,397,158
594377_1,411,104
594385_1,57,23
594393_1,216,110
594407_1,287,146
594415_1,385,237
594423_1,152,77
594431_1,507,281
594440_1,175,75
594458_1,643,318
594458_2,543,321
594458_3,569,316
594458_4,539,264
594458_5,109,51
594466_1,295,180
594474_1,201,126
594482_1,785,313
594482_2,958,435
594482_3,600,242
594482_4,778,302
594482_5,631,226
594482_6,671,235
594482_7,155,67
594482_8,344,138
594512_1,165,69
594521_1,77,45
594555_1,420,193
594563_1,916,349
594571_1,557,161
594580_1,66,42
594598_1,81,42
594601_1,375,233
594610_1,299,135
594628_1,380,133
594636_1,51,35
594644_1,141,92
594652_1,85,30
594679_1,623,351
594687_1,264,98
594695_1,85,30
594709_1,653,350
594725_1,302,137
594733_1,156,80
594741_1,84,39
594750_1,333,161
594768_1,428,215
594776_1,202,103
594784_1,366,174
594792_1,115,47
594806_1,191,97
594814_1,194,82
594822_1,849,307
594831_1,149,88
594849_1,393,122
594865_1,136,54
594873_1,1199,374
594881_1,948,383
594890_1,518,194
594903_1,193,65
594911_1,506,244
594920_1,1117,448
594938_1,367,230
594938_2,66,44
594946_1,467,179
594954_1,100,62
594962_1,535,225
594971_1,452,225
594989_1,161,50
594997_1,323,156
595004_1,332,97
595012_1,74,35
595021_1,985,375
595039_1,332,94
595047_1,701,310
595055_1,576,269
595063_1,61,50
595071_1,919,349
595080_1,202,109
595098_1,708,352
595101_1,229,113
595110_1,241,144
595128_1,776,282
595128_2,95,21
595136_1,133,63
595144_1,85,48
595152_1,160,76
595161_1,43,27
595179_1,217,137
595187_1,258,131
595195_1,204,125
595209_1,1442,348
595209_10,549,168
595209_11,836,399
595209_12,709,258
595209_13,560,292
595209_14,616,271
595209_15,557,245
595209_16,534,256
595209_17,763,368
595209_18,816,389
595209_19,585,227
595209_2,454,234
595209_20,728,247
595209_21,650,236
595209_22,847,340
595209_23,677,402
595209_24,611,308
595209_25,202,99
595209_26,224,82
595209_3,844,297
595209_4,1049,420
595209_5,900,456
595209_6,1085,442
595209_7,622,249
595209_8,551,190
595209_9,718,182
595217_1,103,45
595241_1,153,71
595241_2,84,45
595250_1,265,152
595268_1,727,293
595276_1,215,122
595284_1,244,106
595292_1,732,342
595292_2,178,69
595306_1,211,117
595322_1,159,68
595349_1,118,55
595357_1,155,76
595365_1,203,113
595381_1,150,70
595390_1,153,100
595403_1,150,92
595411_1,866,370
595411_10,101,66
595411_11,68,44
595411_12,73,54
595411_13,94,52
595411_14,256,140
595411_15,242,156
595411_2,618,228
595411_3,865,481
595411_4,937,401
595411_5,854,329
595411_6,1114,478
595411_7,732,435
595411_8,69,39
595411_9,54,32
595420_1,128,85
595438_1,236,98
595454_1,563,259
595462_1,114,50
595471_1,203,112
595489_1,282,151
595501_1,412,192
595519_1,128,87
595535_1,526,244
595578_1,290,179
595586_1,1210,605
595594_1,1064,463
595608_1,172,97
595624_1,108,70
595641_1,633,251
595659_1,166,85
595675_1,78,42
595683_1,69,49
595705_1,35,26
595713_1,142,62
595721_1,162,78
595730_1,284,152
595748_1,88,49
595756_1,435,261
595772_1,745,348
595772_2,236,122
595802_1,234,135
595811_1,138,60
595829_1,109,57
595845_1,69,52
595853_1,126,69
595861_1,214,122
595870_1,100,57
595888_1,171,85
595896_1,79,36
595900_1,216,104
595918_1,311,167
595926_1,1512,544
595951_1,462,146
595969_1,146,82
595977_1,166,87
596001_1,38,28
596019_1,382,188
596035_1,162,124
596051_1,289,108
596060_1,54,36
596086_1,221,105
596094_1,347,205
596108_1,179,93
596116_1,772,351
596116_2,812,383
596132_1,115,49
596141_1,517,186
596159_1,46,36
596183_1,257,158
596205_1,636,286
596205_2,121,65
596213_1,138,102
596221_1,477,284
596230_1,812,316
596230_10,200,120
596230_11,179,81
596230_12,333,196
596230_13,142,79
596230_14,178,102
596230_15,193,81
596230_2,1094,542
596230_3,830,326
596230_4,990,435
596230_5,916,328
596230_6,873,468
596230_7,857,336
596230_8,373,136
596230_9,307,131
596248_1,163,70
596256_1,1045,533
596264_1,50,38
596272_1,133,61
596281_1,322,165
596329_1,259,152
596337_1,542,283
596345_1,699,328
596353_1,62,45
596361_1,753,387
596370_1,239,133
596388_1,193,126
596396_1,263,117
596418_1,168,72
596434_1,164,62
596442_1,167,94
596451_1,202,109
596469_1,80,36
596477_1,134,62
596485_1,650,256
596493_1,161,78
596493_2,57,34
596493_3,113,54
596507_1,41,31
596515_1,126,75
596523_1,96,29
596531_1,475,175
596540_1,87,52
596558_1,260,169
596566_1,125,77
596574_1,705,449
596604_1,106,43
596612_1,475,193
596612_2,55,28
596639_1,86,52
596647_1,431,188
596647_2,74,33
596647_3,78,44
596655_1,635,336
596663_1,306,155
596671_1,165,58
596680_1,385,191
596701_1,512,266
596710_1,134,59
596728_1,190,98
596736_1,85,48
596744_1,190,81
596752_1,110,32
596761_1,118,75
596787_1,592,284
596795_1,40,24
596809_1,108,65
596817_1,388,171
596817_2,92,66
596825_1,508,221
596825_2,137,74
596825_3,66,31
596833_1,160,79
596841_1,360,225
596850_1,89,55
596868_1,1222,618
596876_1,557,261
596884_1,578,333
596906_1,242,140
596914_1,394,219
596922_1,215,110
596931_1,160,86
596949_1,269,152
596957_1,76,48
596957_2,92,56
596957_3,194,107
596957_4,104,60
596957_5,102,49
596965_1,277,171
596973_1,1068,391
596973_2,894,402
596973_3,773,276
596973_4,707,309
596973_5,184,84
596973_6,99,36
596973_7,124,43
596973_8,72,31
596973_9,131,43
596981_1,900,427
596990_1,101,66
597007_1,846,345
597007_10,316,151
597007_11,476,203
597007_12,208,97
597007_2,809,254
597007_3,1047,434
597007_4,1346,577
597007_5,1249,408
597007_6,1057,401
597007_7,891,373
597007_8,1013,415
597007_9,213,86
597015_1,323,148
597031_1,72,25
597031_2,72,27
597040_1,175,121
597058_1,321,178
597066_1,133,69
597074_1,595,326
597082_1,206,86
597091_1,609,300
597112_1,154,85
597121_1,108,65
597139_1,157,80
597147_1,353,161
597155_1,262,139
597155_2,159,108
597155_3,82,33
597163_1,166,97
597414_1,373,149
597414_2,119,23
597678_1,471,125
597678_2,919,242
597678_3,951,300
597678_4,79,14
597678_5,97,26
597678_6,32,12
597686_1,137,44
597686_2,127,38
598003_1,829,258
598003_10,956,313
598003_11,967,258
598003_12,830,165
598003_13,1338,541
598003_14,943,266
598003_15,736,209
598003_16,655,196
598003_17,775,197
598003_18,716,224
598003_19,539,150
598003_2,1059,278
598003_20,601,199
598003_21,559,203
598003_22,3155,288
598003_23,914,328
598003_24,694,261
598003_25,771,235
598003_26,553,117
598003_27,669,323
598003_28,446,89
598003_29,451,218
598003_3,1302,262
598003_30,517,195
598003_31,670,251
598003_32,717,246
598003_33,817,218
598003_34,729,261
598003_35,626,130
598003_36,670,254
598003_37,826,239
598003_38,653,240
598003_39,694,221
598003_4,966,201
598003_40,821,364
598003_41,909,278
598003_42,556,183
598003_43,595,268
598003_44,505,219
598003_45,798,273
598003_46,645,215
598003_47,792,280
598003_48,738,262
598003_49,662,217
598003_5,1099,308
598003_50,1115,278
598003_51,695,242
598003_52,666,248
598003_53,704,282
598003_54,507,221
598003_55,646,279
598003_56,1171,465
598003_57,1114,369
598003_6,1151,258
598003_7,1294,263
598003_8,997,430
598003_9,551,154
598011_1,1531,693
598011_2,560,258
598011_3,974,411
598020_1,258,128
598038_1,1038,517
598038_2,1055,507
598038_3,1130,540
598046_1,676,273
598071_1,1127,530
598071_2,469,262
598071_3,365,187
598071_4,151,61
598089_1,1315,585
598089_2,1244,626
598135_1,873,408
598135_2,1069,463
598143_1,925,474
598143_10,289,101
598143_2,1031,426
598143_3,994,447
598143_4,653,308
598143_5,1283,474
598143_6,1066,325
598143_7,402,159
598143_8,487,215
598143_9,979,410
598275_1,244,130
598321_1,459,184
598321_2,1265,516
598321_3,685,260
598330_1,80,50
598348_1,1072,498
598348_2,743,331
598356_1,1046,423
598356_2,817,344
598364_1,431,199
598372_1,81,43
598381_1,225,81
598402_1,330,198
598411_1,405,190
598429_1,362,233
598437_1,102,62
598461_1,273,147
598470_1,202,109
598488_1,177,85
598496_1,139,56
598500_1,95,53
598518_1,77,38
598526_1,814,431
598542_1,831,350
598542_2,1180,418
598551_1,1129,608
598551_2,1081,591
598551_3,413,195
598569_1,1141,413
598569_2,909,283
598569_3,978,316
598569_4,228,106
598577_1,55,35
598585_1,67,32
598631_1,55,34
598640_1,42,31
598658_1,85,33
598666_1,35,21
598674_1,1183,524
598691_1,646,302
598691_2,1002,522
598704_1,106,52
598712_1,248,160
598721_1,191,125
598747_1,478,238
598755_1,221,123
598763_1,97,56
598771_1,45,17
598887_1,67,48
598895_1,270,165
598909_1,60,42
598917_1,2728,331
598917_10,766,179
598917_11,835,212
598917_12,676,191
598917_13,941,292
598917_14,771,187
598917_15,834,196
598917_16,765,182
598917_17,736,229
598917_18,680,182
598917_19,790,231
598917_2,56,14
598917_20,809,231
598917_21,759,159
598917_22,582,193
598917_23,741,171
598917_24,904,190
598917_25,659,212
598917_26,706,174
598917_27,709,186
598917_28,743,107
598917_29,771,126
598917_3,283,108
598917_30,909,195
598917_31,889,82
598917_32,604,52
598917_33,677,29
598917_34,962,62
598917_35,684,218
598917_36,792,242
598917_37,746,267
598917_38,752,182
598917_39,746,193
598917_4,250,120
598917_40,834,257
598917_41,732,216
598917_42,691,250
598917_43,723,202
598917_44,709,212
598917_45,747,161
598917_46,621,168
598917_47,732,175
598917_48,867,242
598917_49,909,229
598917_5,523,158
598917_50,716,191
598917_51,917,209
598917_52,824,382
598917_53,786,208
598917_54,595,146
598917_55,1106,331
598917_56,622,241
598917_57,767,231
598917_58,736,218
598917_59,713,168
598917_6,876,367
598917_60,654,155
598917_61,459,153
598917_62,347,130
598917_7,1028,377
598917_8,838,189
598917_9,754,177
598925_1,1077,454
598925_2,1070,455
598925_3,1116,349
598941_1,1511,545
598941_2,1093,431
598941_3,413,183
598941_4,504,145
598950_1,80,47
599069_1,510,144
599069_10,917,235
599069_11,772,170
599069_12,796,208
599069_13,952,253
599069_14,757,156
599069_15,1814,166
599069_16,781,126
599069_17,637,163
599069_18,708,162
599069_19,925,180
599069_2,284,68
599069_20,809,125
599069_21,900,174
599069_22,929,218
599069_23,852,220
599069_24,857,198
599069_25,1028,197
599069_26,820,125
599069_27,810,105
599069_28,1144,167
599069_29,980,153
599069_3,457,107
599069_30,1265,178
599069_4,792,190
599069_5,890,262
599069_6,563,159
599069_7,944,189
599069_8,975,139
599069_9,729,233
599077_1,679,289
599077_2,473,235
599077_3,1409,499
599077_4,1125,403
599077_5,320,112
599140_1,1525,693
599158_1,1422,497
599158_2,1096,396
599158_3,412,164
599158_4,709,253
599204_1,108,68
599239_1,119,87
599298_1,139,75
599301_1,97,54
599425_1,149,63
599433_1,399,150
599450_1,78,33
599468_1,988,312
599468_2,289,108
599468_3,161,53
599468_4,146,29
599476_1,140,47
599484_1,89,42
599646_1,318,130
599701_1,1510,352
599701_10,143,28
599701_11,161,42
599701_12,175,47
599701_2,864,257
599701_3,899,342
599701_4,1178,336
599701_5,103,35
599701_6,188,52
599701_7,415,117
599701_8,112,35
599701_9,155,44
599751_1,63,48
599760_1,130,78
599867_1,709,280
599905_1,96,30
599905_2,102,43
599905_3,213,59
599905_4,210,70
599905_5,192,69
599905_6,182,86
599905_7,304,126
599905_8,913,347
599930_1,1306,356
599930_2,807,152
